订单号,商品ID,商品名称,扣款原因,申请人,申请时间,申请扣款金额(元),打款状态
180506-361567873281978,825248048,现摘现发阎良甜瓜5斤装(4-6个装)新鲜时令水果蜜瓜甜瓜,小额补偿,合曼：月月,2018-05-1113:52:43,9.5,小额打款成功
180508-362448903040895,825248048,现摘现发阎良甜瓜5斤装(4-6个装)新鲜时令水果蜜瓜甜瓜,小额补偿,合曼：月月,2018-05-1113:31:58,3,小额打款成功
180507-121779502083953,825248048,现摘现发阎良甜瓜5斤装(4-6个装)新鲜时令水果蜜瓜甜瓜,小额补偿,合曼：月月,2018-05-1112:09:52,8,小额打款成功
180507-499367870723889,825248048,现摘现发阎良甜瓜5斤装(4-6个装)新鲜时令水果蜜瓜甜瓜,小额补偿,合曼：月月,2018-05-1111:42:40,4.5,小额打款成功
180508-411926898563004,825248048,现摘现发阎良甜瓜5斤装(4-6个装)新鲜时令水果蜜瓜甜瓜,小额补偿,合曼：月月,2018-05-1111:21:57,8.5,小额打款成功
180506-383864465283766,825248048,现摘现发阎良甜瓜5斤装(4-6个装)新鲜时令水果蜜瓜甜瓜,小额补偿,合曼：002,2018-05-1109:03:46,8,小额打款成功
180501-468764560640265,825248048,现摘现发阎良甜瓜5斤装(4-6个装)新鲜时令水果蜜瓜甜瓜,小额补偿,合曼：002,2018-05-1021:26:12,4.5,小额打款成功
180506-463797521280524,825248048,现摘现发阎良甜瓜5斤装(4-6个装)新鲜时令水果蜜瓜甜瓜,小额补偿,合曼：子玉,2018-05-1020:45:16,4.5,小额打款成功
180503-457123585923504,825248048,现摘现发阎良甜瓜5斤装(4-6个装)新鲜时令水果蜜瓜甜瓜,小额补偿,合曼：子玉,2018-05-1020:39:31,4,小额打款成功
180506-486211799043681,825248048,现摘现发阎良甜瓜5斤装(4-6个装)新鲜时令水果蜜瓜甜瓜,小额补偿,合曼：子玉,2018-05-1020:18:43,3,小额打款成功
180505-296565007363520,825248048,现摘现发阎良甜瓜5斤装(4-6个装)新鲜时令水果蜜瓜甜瓜,小额补偿,合曼：子玉,2018-05-1020:09:51,4,小额打款成功
180507-287987703683798,825248048,现摘现发阎良甜瓜5斤装(4-6个装)新鲜时令水果蜜瓜甜瓜,小额补偿,合曼：子玉,2018-05-1019:44:26,4,小额打款成功
180507-369642343683441,825248048,现摘现发阎良甜瓜5斤装(4-6个装)新鲜时令水果蜜瓜甜瓜,小额补偿,合曼：子玉,2018-05-1019:34:03,4,小额打款成功
180506-458778101763514,825248048,现摘现发阎良甜瓜5斤装(4-6个装)新鲜时令水果蜜瓜甜瓜,小额补偿,合曼：子玉,2018-05-1019:07:48,4,小额打款成功
180507-373410877442625,825248048,现摘现发阎良甜瓜5斤装(4-6个装)新鲜时令水果蜜瓜甜瓜,小额补偿,合曼：子玉,2018-05-1018:54:48,4,小额打款成功
180505-452335125760922,825248048,现摘现发阎良甜瓜5斤装(4-6个装)新鲜时令水果蜜瓜甜瓜,小额补偿,合曼：子玉,2018-05-1018:24:33,4.5,小额打款成功
180505-412879600642006,825248048,现摘现发阎良甜瓜5斤装(4-6个装)新鲜时令水果蜜瓜甜瓜,小额补偿,合曼：002,2018-05-1016:08:40,5,小额打款成功
180507-296549498880418,825248048,现摘现发阎良甜瓜5斤装(4-6个装)新鲜时令水果蜜瓜甜瓜,小额补偿,合曼：002,2018-05-1013:36:03,3.5,小额打款成功
180507-278838927363668,825248048,现摘现发阎良甜瓜5斤装(4-6个装)新鲜时令水果蜜瓜甜瓜,小额补偿,合曼：002,2018-05-1012:20:13,4,小额打款成功
180507-291738301440830,825248048,现摘现发阎良甜瓜5斤装(4-6个装)新鲜时令水果蜜瓜甜瓜,小额补偿,合曼：002,2018-05-1012:18:24,4,小额打款成功
180506-495924502402908,825248048,现摘现发阎良甜瓜5斤装(4-6个装)新鲜时令水果蜜瓜甜瓜,小额补偿,合曼：002,2018-05-1010:33:18,5,小额打款成功
180506-490857134081323,825248048,现摘现发阎良甜瓜5斤装(4-6个装)新鲜时令水果蜜瓜甜瓜,小额补偿,合曼：002,2018-05-0922:41:17,3.5,小额打款成功
180503-539184969604086,825248048,现摘现发阎良甜瓜5斤装(4-6个装)新鲜时令水果蜜瓜甜瓜,小额补偿,合曼：002,2018-05-0921:52:59,4,小额打款成功
180506-477528019202854,825248048,现摘现发阎良甜瓜5斤装(4-6个装)新鲜时令水果蜜瓜甜瓜,小额补偿,合曼：002,2018-05-0921:39:25,4,小额打款成功
180506-468393809923626,825248048,现摘现发阎良甜瓜5斤装(4-6个装)新鲜时令水果蜜瓜甜瓜,小额补偿,合曼：002,2018-05-0921:01:16,11,小额打款成功
180506-419624967042930,825248048,现摘现发阎良甜瓜5斤装(4-6个装)新鲜时令水果蜜瓜甜瓜,小额补偿,合曼：子玉,2018-05-0920:24:47,4,小额打款成功
180505-456283265282194,825248048,现摘现发阎良甜瓜5斤装(4-6个装)新鲜时令水果蜜瓜甜瓜,小额补偿,合曼：子玉,2018-05-0920:24:07,4,小额打款成功
180507-209602695043871,825248048,现摘现发阎良甜瓜5斤装(4-6个装)新鲜时令水果蜜瓜甜瓜,小额补偿,合曼：002,2018-05-0919:45:12,4,小额打款成功
180502-486940535043934,825248048,现摘现发阎良甜瓜5斤装(4-6个装)新鲜时令水果蜜瓜甜瓜,小额补偿,合曼：子玉,2018-05-0919:45:09,9.8,小额打款成功
180506-449571691523855,825248048,现摘现发阎良甜瓜5斤装(4-6个装)新鲜时令水果蜜瓜甜瓜,小额补偿,合曼：子玉,2018-05-0919:27:39,4,小额打款成功
180506-505594287363511,825248048,现摘现发阎良甜瓜5斤装(4-6个装)新鲜时令水果蜜瓜甜瓜,小额补偿,合曼：子玉,2018-05-0919:18:53,4,小额打款成功
180506-412803688322409,825248048,现摘现发阎良甜瓜5斤装(4-6个装)新鲜时令水果蜜瓜甜瓜,小额补偿,合曼：子玉,2018-05-0919:18:27,4.5,小额打款成功
180507-310729960323298,825248048,现摘现发阎良甜瓜5斤装(4-6个装)新鲜时令水果蜜瓜甜瓜,小额补偿,合曼：子玉,2018-05-0919:16:42,3.5,小额打款成功
180507-103121757441235,825248048,现摘现发阎良甜瓜5斤装(4-6个装)新鲜时令水果蜜瓜甜瓜,小额补偿,合曼：子玉,2018-05-0919:14:45,5,小额打款成功
180505-493640321283141,825248048,现摘现发阎良甜瓜5斤装(4-6个装)新鲜时令水果蜜瓜甜瓜,小额补偿,合曼：子玉,2018-05-0918:37:04,4,小额打款成功
180506-504842318722549,825248048,现摘现发阎良甜瓜5斤装(4-6个装)新鲜时令水果蜜瓜甜瓜,小额补偿,合曼：子玉,2018-05-0918:34:40,4,小额打款成功
180505-361628330243684,825248048,现摘现发阎良甜瓜5斤装(4-6个装)新鲜时令水果蜜瓜甜瓜,小额补偿,合曼：子玉,2018-05-0918:16:30,4.5,小额打款成功
180506-529457301761636,825248048,现摘现发阎良甜瓜5斤装(4-6个装)新鲜时令水果蜜瓜甜瓜,小额补偿,合曼：002,2018-05-0912:50:33,6,小额打款成功
180505-382855379843824,825248048,现摘现发阎良甜瓜5斤装(4-6个装)新鲜时令水果蜜瓜甜瓜,小额补偿,合曼：002,2018-05-0912:49:44,5,小额打款成功
180505-396145778562801,825248048,现摘现发阎良甜瓜5斤装(4-6个装)新鲜时令水果蜜瓜甜瓜,小额补偿,合曼：002,2018-05-0912:19:38,4.5,小额打款成功
180503-408694312961257,825248048,现摘现发阎良甜瓜5斤装(4-6个装)新鲜时令水果蜜瓜甜瓜,小额补偿,合曼：002,2018-05-0909:17:53,19.8,小额打款成功
180506-298990506881286,825248048,现摘现发阎良甜瓜5斤装(4-6个装)新鲜时令水果蜜瓜甜瓜,小额补偿,合曼：002,2018-05-0909:05:45,8,小额打款成功
180506-102891832321408,825248048,现摘现发阎良甜瓜5斤装(4-6个装)新鲜时令水果蜜瓜甜瓜,小额补偿,合曼：子玉,2018-05-0823:06:59,4.5,小额打款成功
180502-472518522880966,825248048,现摘现发阎良甜瓜5斤装(4-6个装)新鲜时令水果蜜瓜甜瓜,小额补偿,合曼：子玉,2018-05-0821:24:39,2,小额打款成功
180503-291644221440524,825248048,现摘现发阎良甜瓜5斤装(4-6个装)新鲜时令水果蜜瓜甜瓜,小额补偿,合曼：子玉,2018-05-0821:18:43,6,小额打款成功
180506-284854897923178,825248048,现摘现发阎良甜瓜5斤装(4-6个装)新鲜时令水果蜜瓜甜瓜,小额补偿,合曼：子玉,2018-05-0821:06:45,6,小额打款成功
180503-425178907520359,825248048,现摘现发阎良甜瓜5斤装(4-6个装)新鲜时令水果蜜瓜甜瓜,小额补偿,合曼：子玉,2018-05-0820:37:29,4,小额打款成功
180505-418963415041212,825248048,现摘现发阎良甜瓜5斤装(4-6个装)新鲜时令水果蜜瓜甜瓜,小额补偿,合曼：子玉,2018-05-0820:19:46,6.6,小额打款成功
180506-136734701441980,825248048,现摘现发阎良甜瓜5斤装(4-6个装)新鲜时令水果蜜瓜甜瓜,小额补偿,合曼：子玉,2018-05-0819:34:20,8,小额打款成功
180501-483829688323104,825248048,现摘现发阎良甜瓜5斤装(4-6个装)新鲜时令水果蜜瓜甜瓜,小额补偿,合曼：002,2018-05-0817:24:38,8,小额打款成功
180504-480104587521929,825248048,现摘现发阎良甜瓜5斤装(4-6个装)新鲜时令水果蜜瓜甜瓜,小额补偿,合曼：002,2018-05-0816:33:15,3.5,小额打款成功
180430-519963408641120,825248048,现摘现发阎良甜瓜5斤装(4-6个装)新鲜时令水果蜜瓜甜瓜,小额补偿,合曼：子玉,2018-05-0816:24:34,5,小额打款成功
180505-383485835522327,825248048,现摘现发阎良甜瓜5斤装(4-6个装)新鲜时令水果蜜瓜甜瓜,小额补偿,合曼：002,2018-05-0816:17:59,6,小额打款成功
180504-394190117763299,825248048,现摘现发阎良甜瓜5斤装(4-6个装)新鲜时令水果蜜瓜甜瓜,小额补偿,合曼：子玉,2018-05-0816:17:58,5.5,小额打款成功
180503-317746444163818,825248048,现摘现发阎良甜瓜5斤装(4-6个装)新鲜时令水果蜜瓜甜瓜,小额补偿,合曼：子玉,2018-05-0814:29:30,5,小额打款成功
180504-517356576001660,825248048,现摘现发阎良甜瓜5斤装(4-6个装)新鲜时令水果蜜瓜甜瓜,小额补偿,合曼：002,2018-05-0813:01:16,4.5,小额打款成功
180504-543636896002166,825248048,现摘现发阎良甜瓜5斤装(4-6个装)新鲜时令水果蜜瓜甜瓜,小额补偿,合曼：002,2018-05-0812:54:49,3.5,小额打款成功
180505-296675304320817,825248048,现摘现发阎良甜瓜5斤装(4-6个装)新鲜时令水果蜜瓜甜瓜,小额补偿,合曼：子玉,2018-05-0812:52:50,6,小额打款成功
180505-329307726720637,825248048,现摘现发阎良甜瓜5斤装(4-6个装)新鲜时令水果蜜瓜甜瓜,小额补偿,合曼：002,2018-05-0812:39:22,9.8,小额打款成功
180504-491314295040069,825248048,现摘现发阎良甜瓜5斤装(4-6个装)新鲜时令水果蜜瓜甜瓜,小额补偿,合曼：002,2018-05-0811:59:41,3.5,小额打款成
180505-267576023042144,825248048,现摘现发阎良甜瓜5斤装(4-6个装)新鲜时令水果蜜瓜甜瓜,小额补偿,合曼：002,2018-05-0811:20:36,5,小额打款成功
180502-271867936000014,825248048,现摘现发阎良甜瓜5斤装(4-6个装)新鲜时令水果蜜瓜甜瓜,小额补偿,合曼：002,2018-05-0811:00:40,4.5,小额打款成功
180504-505520339202037,825248048,现摘现发阎良甜瓜5斤装(4-6个装)新鲜时令水果蜜瓜甜瓜,小额补偿,合曼：子玉,2018-05-0810:15:04,3,小额打款成功
180501-452391331841750,825248048,现摘现发阎良甜瓜5斤装(4-6个装)新鲜时令水果蜜瓜甜瓜,小额补偿,合曼：002,2018-05-0721:34:43,4.5,小额打款成功
180505-285310320642863,825248048,现摘现发阎良甜瓜5斤装(4-6个装)新鲜时令水果蜜瓜甜瓜,小额补偿,合曼：002,2018-05-0721:31:12,3.5,小额打款成功
180504-428045232001719,825248048,现摘现发阎良甜瓜5斤装(4-6个装)新鲜时令水果蜜瓜甜瓜,小额补偿,合曼：002,2018-05-0721:17:44,6,小额打款成功
180505-334285825282071,825248048,现摘现发阎良甜瓜5斤装(4-6个装)新鲜时令水果蜜瓜甜瓜,小额补偿,合曼：002,2018-05-0721:11:48,4.5,小额打款成功
180504-294705541120043,825248048,现摘现发阎良甜瓜5斤装(4-6个装)新鲜时令水果蜜瓜甜瓜,小额补偿,合曼：002,2018-05-0721:11:08,3,小额打款成功
180504-323018051842102,825248048,现摘现发阎良甜瓜5斤装(4-6个装)新鲜时令水果蜜瓜甜瓜,小额补偿,合曼：子玉,2018-05-0720:02:25,8,小额打款成功
180503-488445405441184,825248048,现摘现发阎良甜瓜5斤装(4-6个装)新鲜时令水果蜜瓜甜瓜,小额补偿,合曼：子玉,2018-05-0719:48:50,3.5,小额打款成
180504-325108435843911,825248048,现摘现发阎良甜瓜5斤装(4-6个装)新鲜时令水果蜜瓜甜瓜,小额补偿,合曼：子玉,2018-05-0719:21:39,10,小额打款成功
180504-369169112970370,825248048,现摘现发阎良甜瓜5斤装(4-6个装)新鲜时令水果蜜瓜甜瓜,小额补偿,合曼：子玉,2018-05-0719:11:04,4,小额打款成功
180504-534427944961544,825248048,现摘现发阎良甜瓜5斤装(4-6个装)新鲜时令水果蜜瓜甜瓜,小额补偿,合曼：子玉,2018-05-0719:09:19,4.5,小额打款成功
180502-466207334403079,825248048,现摘现发阎良甜瓜5斤装(4-6个装)新鲜时令水果蜜瓜甜瓜,小额补偿,合曼：子玉,2018-05-0719:08:02,4,小额打款成功
180504-487625743360178,825248048,现摘现发阎良甜瓜5斤装(4-6个装)新鲜时令水果蜜瓜甜瓜,小额补偿,合曼：子玉,2018-05-0719:06:46,6,小额打款成功
180504-492406033283624,825248048,现摘现发阎良甜瓜5斤装(4-6个装)新鲜时令水果蜜瓜甜瓜,小额补偿,合曼：子玉,2018-05-0718:36:00,4,小额打款成功
180407-420613020160895,825248048,陕西阎良甜瓜5斤（4-6个装）新鲜时令水果香瓜蜜瓜甜瓜现摘包邮【预售：4月29日发完】,差价补偿,合曼：子玉,2018-05-0716:42:39,3,小额打款成功
180503-446411270400684,825248048,现摘现发阎良甜瓜5斤装(4-6个装)新鲜时令水果蜜瓜甜瓜,小额补偿,合曼：子玉,2018-05-0715:34:00,5,小额打款成功
180504-456227078411685,825248048,现摘现发阎良甜瓜5斤装(4-6个装)新鲜时令水果蜜瓜甜瓜,小额补偿,合曼：子玉,2018-05-0715:21:33,5,小额打款成功
180428-513072870403177,825248048,现摘现发阎良甜瓜5斤装(4-6个装)新鲜时令水果蜜瓜甜瓜,小额补偿,合曼：002,2018-05-0714:59:54,5,小额打款成
180502-387082113922724,825248048,现摘现发阎良甜瓜5斤装(4-6个装)新鲜时令水果蜜瓜甜瓜,小额补偿,合曼：002,2018-05-0714:21:55,4,小额打款成功
180424-270252775683920,780165576,红富士苹果水果10斤（16-18头装）果经85-110mm陕西新鲜苹果脆甜,小额补偿,合曼：002,2018-05-0714:16:56,5,小额打款成功
180430-368310087680868,825248048,现摘现发阎良甜瓜5斤装(4-6个装)新鲜时令水果蜜瓜甜瓜,小额补偿,合曼：子玉,2018-05-0711:41:58,8,小额打款成功
180429-521195203852381,825248048,现摘现发阎良甜瓜5斤装(4-6个装)新鲜时令水果蜜瓜甜瓜,小额补偿,合曼：002,2018-05-0711:07:54,3,小额打款成功
180502-541981677442579,825248048,现摘现发阎良甜瓜5斤装(4-6个装)新鲜时令水果蜜瓜甜瓜,小额补偿,合曼：002,2018-05-0711:05:14,4.5,小额打款成功
180503-355241944961236,825248048,现摘现发阎良甜瓜5斤装(4-6个装)新鲜时令水果蜜瓜甜瓜,小额补偿,合曼：子玉,2018-05-0708:35:49,8,小额打款成功
180503-427115398400444,825248048,现摘现发阎良甜瓜5斤装(4-6个装)新鲜时令水果蜜瓜甜瓜,小额补偿,合曼：002,2018-05-0622:20:43,4,小额打款成功
180503-425986592002739,825248048,现摘现发阎良甜瓜5斤装(4-6个装)新鲜时令水果蜜瓜甜瓜,小额补偿,合曼：子玉,2018-05-0618:45:51,4.5,小额打款成功
180503-375492700163564,825248048,现摘现发阎良甜瓜5斤装(4-6个装)新鲜时令水果蜜瓜甜瓜,小额补偿,合曼：子玉,2018-05-0618:26:08,5,小额打款成功
180504-309389313283409,825248048,现摘现发阎良甜瓜5斤装(4-6个装)新鲜时令水果蜜瓜甜瓜,小额补偿,合曼：子玉,2018-05-0618:17:25,7,小额打款成
180427-458868179842565,825248048,现摘现发陕西阎良甜瓜5斤装(4-6个装)新鲜时令水果香瓜蜜瓜甜瓜,小额补偿,合曼：子玉,2018-05-0617:48:26,4,小额打款成功
180501-487851816961266,825248048,现摘现发阎良甜瓜5斤装(4-6个装)新鲜时令水果蜜瓜甜瓜,小额补偿,合曼：子玉,2018-05-0615:59:33,9,小额打款成功
180502-427319943040595,825248048,现摘现发阎良甜瓜5斤装(4-6个装)新鲜时令水果蜜瓜甜瓜,小额补偿,合曼：子玉,2018-05-0615:28:08,4,小额打款成功
180502-419408795520968,825248048,现摘现发阎良甜瓜5斤装(4-6个装)新鲜时令水果蜜瓜甜瓜,小额补偿,合曼：子玉,2018-05-0615:11:43,1,小额打款成功
180503-269426659203938,825248048,现摘现发阎良甜瓜5斤装(4-6个装)新鲜时令水果蜜瓜甜瓜,小额补偿,合曼：子玉,2018-05-0614:46:23,9,小额打款成功
180502-304707575041388,825248048,现摘现发阎良甜瓜5斤装(4-6个装)新鲜时令水果蜜瓜甜瓜,小额补偿,合曼：子玉,2018-05-0614:06:28,6.6,小额打款成功
180504-276132235522805,825248048,现摘现发阎良甜瓜5斤装(4-6个装)新鲜时令水果蜜瓜甜瓜,小额补偿,合曼：子玉,2018-05-0613:59:36,1,小额打款成功
180501-383510287363654,825248048,现摘现发阎良甜瓜5斤装(4-6个装)新鲜时令水果蜜瓜甜瓜,小额补偿,合曼：002,2018-05-0613:35:06,3,小额打款成功
180501-455821575041585,825248048,现摘现发阎良甜瓜5斤装(4-6个装)新鲜时令水果蜜瓜甜瓜,小额补偿,合曼：002,2018-05-0612:17:35,3.5,小额打款成功
180428-510886553600304,825248048,现摘现发阎良甜瓜5斤装(4-6个装)新鲜时令水果蜜瓜甜瓜,小额补偿,合曼：子玉,2018-05-0611:52:37,9.9,小额打款成
180503-475455407361456,825248048,现摘现发阎良甜瓜5斤装(4-6个装)新鲜时令水果蜜瓜甜瓜,小额补偿,合曼：子玉,2018-05-0610:56:40,4,小额打款成功
180503-256612558721533,825248048,现摘现发阎良甜瓜5斤装(4-6个装)新鲜时令水果蜜瓜甜瓜,小额补偿,合曼：子玉,2018-05-0610:50:51,4.95,小额打款成功
180501-480731557761758,825248048,现摘现发阎良甜瓜5斤装(4-6个装)新鲜时令水果蜜瓜甜瓜,小额补偿,合曼：子玉,2018-05-0610:25:12,3,小额打款成功
180503-351838179201908,825248048,现摘现发阎良甜瓜5斤装(4-6个装)新鲜时令水果蜜瓜甜瓜,小额补偿,合曼：子玉,2018-05-0610:01:06,4,小额打款成功
180430-500633539841466,825248048,现摘现发阎良甜瓜5斤装(4-6个装)新鲜时令水果蜜瓜甜瓜,小额补偿,合曼：子玉,2018-05-0609:40:26,4.5,小额打款成功
180502-422704810880283,825248048,现摘现发阎良甜瓜5斤装(4-6个装)新鲜时令水果蜜瓜甜瓜,小额补偿,合曼：002,2018-05-0521:55:50,6,小额打款成功
180501-314541813760947,825248048,现摘现发阎良甜瓜5斤装(4-6个装)新鲜时令水果蜜瓜甜瓜,小额补偿,合曼：002,2018-05-0521:03:33,12,小额打款成功
180501-488714257283670,825248048,现摘现发阎良甜瓜5斤装(4-6个装)新鲜时令水果蜜瓜甜瓜,小额补偿,合曼：子玉,2018-05-0520:34:47,5.5,小额打款成功
180502-308518197121686,825248048,现摘现发阎良甜瓜5斤装(4-6个装)新鲜时令水果蜜瓜甜瓜,小额补偿,合曼：子玉,2018-05-0519:17:39,4,小额打款成功
180501-382429793282847,825248048,现摘现发阎良甜瓜5斤装(4-6个装)新鲜时令水果蜜瓜甜瓜,小额补偿,合曼：子玉,2018-05-0519:12:19,2,小额打款成
180502-538169335683825,825248048,现摘现发阎良甜瓜5斤装(4-6个装)新鲜时令水果蜜瓜甜瓜,小额补偿,合曼：子玉,2018-05-0518:12:19,9,小额打款成功
180430-312379342723081,825248048,现摘现发阎良甜瓜5斤装(4-6个装)新鲜时令水果蜜瓜甜瓜,小额补偿,合曼：子玉,2018-05-0517:29:22,4,小额打款成功
180429-496783469443195,825248048,现摘现发阎良甜瓜5斤装(4-6个装)新鲜时令水果蜜瓜甜瓜,小额补偿,合曼：子玉,2018-05-0515:05:44,5.94,小额打款成功
180502-527507015683086,825248048,现摘现发阎良甜瓜5斤装(4-6个装)新鲜时令水果蜜瓜甜瓜,小额补偿,合曼：002,2018-05-0513:45:33,4,小额打款成功
180502-336485091201704,825248048,现摘现发阎良甜瓜5斤装(4-6个装)新鲜时令水果蜜瓜甜瓜,小额补偿,合曼：002,2018-05-0513:42:15,4.5,小额打款成功
180502-347414078720526,825248048,现摘现发阎良甜瓜5斤装(4-6个装)新鲜时令水果蜜瓜甜瓜,小额补偿,合曼：子玉,2018-05-0512:27:51,3.7,小额打款成功
180502-529769036803323,825248048,现摘现发阎良甜瓜5斤装(4-6个装)新鲜时令水果蜜瓜甜瓜,小额补偿,合曼：子玉,2018-05-0512:26:52,3.5,小额打款成功
180502-522905820160846,825248048,现摘现发阎良甜瓜5斤装(4-6个装)新鲜时令水果蜜瓜甜瓜,小额补偿,合曼：子玉,2018-05-0511:58:00,1,小额打款成功
180429-516251275520543,825248048,现摘现发阎良甜瓜5斤装(4-6个装)新鲜时令水果蜜瓜甜瓜,小额补偿,合曼：子玉,2018-05-0511:18:17,4,小额打款成功
180502-481827503362587,825248048,现摘现发阎良甜瓜5斤装(4-6个装)新鲜时令水果蜜瓜甜瓜,小额补偿,合曼：子玉,2018-05-0510:00:17,19.8,小额打款成
180502-271348679680877,825248048,现摘现发阎良甜瓜5斤装(4-6个装)新鲜时令水果蜜瓜甜瓜,小额补偿,合曼：002,2018-05-0422:24:00,9,小额打款成功
180430-507343304962305,825248048,现摘现发阎良甜瓜5斤装(4-6个装)新鲜时令水果蜜瓜甜瓜,小额补偿,合曼：002,2018-05-0421:41:30,3.5,小额打款成功
180428-517769146243481,825248048,现摘现发阎良甜瓜5斤装(4-6个装)新鲜时令水果蜜瓜甜瓜,小额补偿,合曼：子玉,2018-05-0420:33:23,4.5,小额打款成功
180430-342642110723945,825248048,现摘现发阎良甜瓜5斤装(4-6个装)新鲜时令水果蜜瓜甜瓜,小额补偿,合曼：子玉,2018-05-0420:32:46,4,小额打款成功
180428-313933040642346,825248048,现摘现发阎良甜瓜5斤装(4-6个装)新鲜时令水果蜜瓜甜瓜,小额补偿,合曼：子玉,2018-05-0420:31:03,5,小额打款成功
180425-359442633603888,825248048,陕西阎良甜瓜5斤（4-6个装）新鲜时令水果香瓜蜜瓜甜瓜现摘包邮【预售：4月29日发完】,小额补偿,合曼：002,2018-05-0417:33:15,4.5,小额打款成功
180406-386330929283677,825248048,陕西阎良甜瓜5斤（4-6个装）新鲜时令水果香瓜蜜瓜甜瓜现摘包邮【预售：4月29日发完】,小额补偿,合曼：002,2018-05-0417:29:50,5.8,小额打款成功
180501-479063271680121,825248048,现摘现发阎良甜瓜5斤装(4-6个装)新鲜时令水果蜜瓜甜瓜,小额补偿,合曼：002,2018-05-0417:00:19,5,小额打款成功
180430-420238783360772,825248048,现摘现发阎良甜瓜5斤装(4-6个装)新鲜时令水果蜜瓜甜瓜,小额补偿,合曼：002,2018-05-0416:15:34,2.7,小额打款成功
180501-479696375042044,825248048,现摘现发阎良甜瓜5斤装(4-6个装)新鲜时令水果蜜瓜甜瓜,小额补偿,合曼：002,2018-05-0415:51:32,3.5,小额打款成
180502-214395127043728,825248048,现摘现发阎良甜瓜5斤装(4-6个装)新鲜时令水果蜜瓜甜瓜,小额补偿,合曼：002,2018-05-0415:36:23,4,小额打款成功
180502-263239472001134,825248048,现摘现发阎良甜瓜5斤装(4-6个装)新鲜时令水果蜜瓜甜瓜,小额补偿,合曼：002,2018-05-0415:31:15,5,小额打款成功
180429-540659273600834,825248048,现摘现发阎良甜瓜5斤装(4-6个装)新鲜时令水果蜜瓜甜瓜,小额补偿,合曼：002,2018-05-0413:53:26,8,小额打款成功
180501-291021466892967,825248048,现摘现发阎良甜瓜5斤装(4-6个装)新鲜时令水果蜜瓜甜瓜,小额补偿,合曼：002,2018-05-0413:32:30,8,小额打款成功
180501-235956727682373,825248048,现摘现发阎良甜瓜5斤装(4-6个装)新鲜时令水果蜜瓜甜瓜,小额补偿,合曼：002,2018-05-0411:30:41,12,小额打款成功
180426-497667563521297,825248048,陕西阎良甜瓜5斤（4-6个装）新鲜时令水果香瓜蜜瓜甜瓜现摘包邮,小额补偿,合曼：002,2018-05-0409:17:39,22.8,小额打款成功
180430-342018474880686,825248048,现摘现发阎良甜瓜5斤装(4-6个装)新鲜时令水果蜜瓜甜瓜,小额补偿,合曼：002,2018-05-0408:37:42,4,小额打款成功
180429-241084692480686,825248048,现摘现发阎良甜瓜5斤装(4-6个装)新鲜时令水果蜜瓜甜瓜,小额补偿,合曼：002,2018-05-0408:37:00,4,小额打款成功
180429-487460926721349,825248048,现摘现发阎良甜瓜5斤装(4-6个装)新鲜时令水果蜜瓜甜瓜,小额补偿,合曼：002,2018-05-0322:24:59,3,小额打款成功
180430-455191440642653,825248048,现摘现发阎良甜瓜5斤装(4-6个装)新鲜时令水果蜜瓜甜瓜,小额补偿,合曼：子玉,2018-05-0319:38:19,6,小额打款成
180501-122737522561022,825248048,现摘现发阎良甜瓜5斤装(4-6个装)新鲜时令水果蜜瓜甜瓜,小额补偿,合曼：子玉,2018-05-0319:34:39,4,小额打款成功
180430-492062223361039,825248048,现摘现发阎良甜瓜5斤装(4-6个装)新鲜时令水果蜜瓜甜瓜,小额补偿,合曼：子玉,2018-05-0319:08:20,4,小额打款成功
180430-431740346243528,825248048,现摘现发阎良甜瓜5斤装(4-6个装)新鲜时令水果蜜瓜甜瓜,小额补偿,合曼：002,2018-05-0317:04:26,3,小额打款成功
180429-301053877123639,825248048,现摘现发阎良甜瓜5斤装(4-6个装)新鲜时令水果蜜瓜甜瓜,小额补偿,合曼：002,2018-05-0316:21:03,3,小额打款成功
180429-123361527681278,825248048,现摘现发阎良甜瓜5斤装(4-6个装)新鲜时令水果蜜瓜甜瓜,小额补偿,合曼：002,2018-05-0316:17:47,4.5,小额打款成功
180430-339460865921782,825248048,现摘现发阎良甜瓜5斤装(4-6个装)新鲜时令水果蜜瓜甜瓜,小额补偿,合曼：002,2018-05-0316:06:05,1.6,小额打款成功
180428-299684799373564,825248048,现摘现发阎良甜瓜5斤装(4-6个装)新鲜时令水果蜜瓜甜瓜,小额补偿,合曼：002,2018-05-0314:28:31,3,小额打款成功
180429-533229415683197,825248048,现摘现发阎良甜瓜5斤装(4-6个装)新鲜时令水果蜜瓜甜瓜,小额补偿,合曼：002,2018-05-0313:47:35,9,小额打款成功
180429-515300039690421,825248048,现摘现发阎良甜瓜5斤装(4-6个装)新鲜时令水果蜜瓜甜瓜,小额补偿,合曼：002,2018-05-0313:31:12,5,小额打款成功
180427-394800071680464,825248048,现摘现发陕西阎良甜瓜5斤装(4-6个装)新鲜时令水果香瓜蜜瓜甜瓜,小额补偿,合曼：002,2018-05-0312:47:16,4,小额打款成
180430-350804771843797,825248048,现摘现发阎良甜瓜5斤装(4-6个装)新鲜时令水果蜜瓜甜瓜,小额补偿,合曼：002,2018-05-0311:24:36,4.5,小额打款成功
180429-505652031361438,825248048,现摘现发阎良甜瓜5斤装(4-6个装)新鲜时令水果蜜瓜甜瓜,小额补偿,合曼：002,2018-05-0310:50:22,9,小额打款成功
180429-505589969922545,825248048,现摘现发阎良甜瓜5斤装(4-6个装)新鲜时令水果蜜瓜甜瓜,小额补偿,合曼：002,2018-05-0310:33:54,4.5,小额打款成功
180402-542865160962348,780165576,红富士苹果水果10斤装（18头装）果经85-110mm陕西新鲜苹果不打蜡,小额补偿,合曼：002,2018-05-0310:05:30,8,小额打款成功
180429-414906798083359,825248048,现摘现发阎良甜瓜5斤装(4-6个装)新鲜时令水果蜜瓜甜瓜,小额补偿,合曼：002,2018-05-0309:11:16,9.9,小额打款成功
180427-320648792963069,825248048,现摘现发陕西阎良甜瓜5斤装(4-6个装)新鲜时令水果香瓜蜜瓜甜瓜,小额补偿,合曼：002,2018-05-0308:53:10,4.7,小额打款成功
180429-523257560961274,825248048,现摘现发阎良甜瓜5斤装(4-6个装)新鲜时令水果蜜瓜甜瓜,小额补偿,合曼：002,2018-05-0308:41:57,4,小额打款成功
180407-260779993601752,825248048,陕西阎良甜瓜5斤（4-6个装）新鲜时令水果香瓜蜜瓜甜瓜现摘包邮【预售：4月29日发完】,小额补偿,合曼：002,2018-05-0308:38:29,5,小额打款成功
180428-377153599361835,825248048,现摘现发阎良甜瓜5斤装(4-6个装)新鲜时令水果蜜瓜甜瓜,小额补偿,合曼：子玉,2018-05-0220:58:10,4.5,小额打款成功
180429-288411081600389,825248048,现摘现发阎良甜瓜5斤装(4-6个装)新鲜时令水果蜜瓜甜瓜,小额补偿,合曼：子玉,2018-05-0220:21:09,6.6,小额打款成
180429-539136277761710,825248048,现摘现发阎良甜瓜5斤装(4-6个装)新鲜时令水果蜜瓜甜瓜,小额补偿,合曼：子玉,2018-05-0219:09:51,6,小额打款成功
180429-257399461120775,825248048,现摘现发阎良甜瓜5斤装(4-6个装)新鲜时令水果蜜瓜甜瓜,小额补偿,合曼：子玉,2018-05-0218:11:49,4.5,小额打款成功
180402-539609177600925,825248048,陕西阎良甜瓜5斤（4-6个装）新鲜时令水果香瓜蜜瓜甜瓜现摘包邮【预售：4月29日发完】,小额补偿,合曼：002,2018-05-0217:35:23,8,小额打款成功
180428-371031379842382,825248048,现摘现发阎良甜瓜5斤装(4-6个装)新鲜时令水果蜜瓜甜瓜,小额补偿,合曼：002,2018-05-0217:32:25,4,小额打款成功
180429-515406202883851,825248048,现摘现发阎良甜瓜5斤装(4-6个装)新鲜时令水果蜜瓜甜瓜,小额补偿,合曼：002,2018-05-0217:01:08,6,小额打款成功
180429-502868430080936,825248048,现摘现发阎良甜瓜5斤装(4-6个装)新鲜时令水果蜜瓜甜瓜,小额补偿,合曼：002,2018-05-0215:00:39,3,小额打款成功
180427-349676145921114,825248048,现摘现发陕西阎良甜瓜5斤装(4-6个装)新鲜时令水果香瓜蜜瓜甜瓜,小额补偿,合曼：002,2018-05-0214:42:07,5,小额打款成功
180428-404696193282627,825248048,现摘现发阎良甜瓜5斤装(4-6个装)新鲜时令水果蜜瓜甜瓜,小额补偿,合曼：002,2018-05-0214:13:29,3.5,小额打款成功
180429-521193702402687,825248048,现摘现发阎良甜瓜5斤装(4-6个装)新鲜时令水果蜜瓜甜瓜,小额补偿,合曼：002,2018-05-0214:12:31,3,小额打款成功
180423-239428720643041,825248048,陕西阎良甜瓜5斤（4-6个装）新鲜时令水果香瓜蜜瓜甜瓜现摘包邮【预售：4月29日发完】,小额补偿,合曼：002,2018-05-0213:45:12,3.5,小额打款成
180430-242763587842055,825248048,现摘现发阎良甜瓜5斤装(4-6个装)新鲜时令水果蜜瓜甜瓜,小额补偿,合曼：002,2018-05-0213:37:46,4,小额打款成功
180428-468256922881254,825248048,现摘现发阎良甜瓜5斤装(4-6个装)新鲜时令水果蜜瓜甜瓜,小额补偿,合曼：002,2018-05-0213:08:45,4,小额打款成功
180427-388820875522369,825248048,现摘现发陕西阎良甜瓜5斤装(4-6个装)新鲜时令水果香瓜蜜瓜甜瓜,小额补偿,合曼：002,2018-05-0212:59:51,7,小额打款成功
180429-368879105282835,825248048,现摘现发阎良甜瓜5斤装(4-6个装)新鲜时令水果蜜瓜甜瓜,小额补偿,合曼：002,2018-05-0212:23:09,5,小额打款成功
180429-497516871683447,825248048,现摘现发阎良甜瓜5斤装(4-6个装)新鲜时令水果蜜瓜甜瓜,小额补偿,合曼：002,2018-05-0212:15:19,4,小额打款成功
180419-309111093123321,780165576,红富士苹果水果10斤（16-18头装）果经85-110mm陕西新鲜苹果脆甜,小额补偿,合曼：子玉,2018-05-0122:21:40,8,小额打款成功
180429-306495530890047,825248048,现摘现发阎良甜瓜5斤装(4-6个装)新鲜时令水果蜜瓜甜瓜,小额补偿,pdd20760431198,2018-05-0120:45:35,12,小额打款成功
180427-226196588803117,825248048,现摘现发陕西阎良甜瓜5斤装(4-6个装)新鲜时令水果香瓜蜜瓜甜瓜,小额补偿,合曼：子玉,2018-05-0118:30:02,4,小额打款成功
180406-237489084161565,825248048,陕西阎良甜瓜5斤（4-6个装）新鲜时令水果香瓜蜜瓜甜瓜现摘包邮【预售：4月29日发完】,小额补偿,合曼：子玉,2018-05-0117:16:44,6,小额打款成功
180426-434299105283000,780165576,红富士苹果水果10斤（16-18头装）果经85-110mm陕西新鲜苹果脆甜,小额补偿,合曼：子玉,2018-05-0116:07:01,1.6,小额打款成
180429-286058711042565,825248048,现摘现发阎良甜瓜5斤装(4-6个装)新鲜时令水果蜜瓜甜瓜,小额补偿,合曼：子玉,2018-05-0114:17:50,19.8,小额打款成功
180405-472592751360968,825248048,陕西阎良甜瓜5斤（4-6个装）新鲜时令水果香瓜蜜瓜甜瓜现摘包邮【预售：4月29日发完】,小额补偿,合曼：子玉,2018-05-0111:36:13,9,小额打款成功
180426-507002009602411,825248048,现摘现发陕西阎良甜瓜5斤装(4-6个装)新鲜时令水果香瓜蜜瓜甜瓜,小额补偿,合曼：子玉,2018-05-0110:21:15,18,小额打款成功
180427-331720121602663,825248048,现摘现发陕西阎良甜瓜5斤装(4-6个装)新鲜时令水果香瓜蜜瓜甜瓜,小额补偿,合曼：子玉,2018-05-0110:14:53,5,小额打款成功
180427-316200821760955,825248048,现摘现发陕西阎良甜瓜5斤装(4-6个装)新鲜时令水果香瓜蜜瓜甜瓜,小额补偿,合曼：子玉,2018-05-0109:37:50,4,小额打款成功
180426-515495870722165,825248048,现摘现发陕西阎良甜瓜5斤装(4-6个装)新鲜时令水果香瓜蜜瓜甜瓜,小额补偿,合曼：子玉,2018-05-0109:24:15,7,小额打款成功
180426-517397582731718,825248048,现摘现发陕西阎良甜瓜5斤装(4-6个装)新鲜时令水果香瓜蜜瓜甜瓜,小额补偿,合曼：子玉,2018-04-3021:13:48,4,小额打款成功
180427-114536207363732,825248048,现摘现发陕西阎良甜瓜5斤装(4-6个装)新鲜时令水果香瓜蜜瓜甜瓜,小额补偿,合曼：子玉,2018-04-3020:50:50,4.6,小额打款成功
180427-252342287363098,825248048,现摘现发陕西阎良甜瓜5斤装(4-6个装)新鲜时令水果香瓜蜜瓜甜瓜,小额补偿,合曼：子玉,2018-04-3020:07:41,4,小额打款成功
180423-309589616641599,825248048,陕西阎良甜瓜5斤（4-6个装）新鲜时令水果香瓜蜜瓜甜瓜现摘包邮【预售：4月29日发完】,小额补偿,合曼：子玉,2018-04-3019:50:35,4,小额打款成
180426-463107719050794,825248048,陕西阎良甜瓜5斤（4-6个装）新鲜时令水果香瓜蜜瓜甜瓜现摘包邮,小额补偿,合曼：子玉,2018-04-3019:32:39,4,小额打款成功
180413-399624246404076,968018882,陕西阎良甜瓜5斤（4-6个装）新鲜时令水果香瓜蜜瓜甜瓜哈密瓜包邮【预售：5月6日发完】,小额补偿,合曼：子玉,2018-04-3019:17:02,7,小额打款成功
180427-353879579522875,825248048,现摘现发陕西阎良甜瓜5斤装(4-6个装)新鲜时令水果香瓜蜜瓜甜瓜,小额补偿,合曼：子玉,2018-04-3018:27:57,4,小额打款成功
180406-277803123842592,825248048,陕西阎良甜瓜5斤（4-6个装）新鲜时令水果香瓜蜜瓜甜瓜现摘包邮【预售：4月29日发完】,小额补偿,合曼：子玉,2018-04-3017:25:42,22.8,小额打款成功
180403-422667272963756,780165576,红富士苹果水果10斤装（18头装）果经85-110mm陕西新鲜苹果不打蜡,小额补偿,合曼：子玉,2018-04-3017:17:08,4,小额打款成功
180407-223092995840520,825248048,陕西阎良甜瓜5斤（4-6个装）新鲜时令水果香瓜蜜瓜甜瓜现摘包邮【预售：4月29日发完】,小额补偿,合曼：子玉,2018-04-3014:50:27,10,小额打款成功
180427-482614611200424,825248048,现摘现发陕西阎良甜瓜5斤装(4-6个装)新鲜时令水果香瓜蜜瓜甜瓜,小额补偿,合曼：子玉,2018-04-3014:37:32,4.5,小额打款成功
180427-422648970241134,825248048,现摘现发陕西阎良甜瓜5斤装(4-6个装)新鲜时令水果香瓜蜜瓜甜瓜,小额补偿,合曼：子玉,2018-04-3014:24:36,4,小额打款成功
180420-296160319360475,825248048,陕西阎良甜瓜5斤（4-6个装）新鲜时令水果香瓜蜜瓜甜瓜现摘包邮【预售：4月29日发完】,小额补偿,合曼：子玉,2018-04-3014:04:49,3.5,小额打款成功
180426-455531321603092,825248048,陕西阎良甜瓜5斤（4-6个装）新鲜时令水果香瓜蜜瓜甜瓜现摘包邮,小额补偿,合曼：子玉,2018-04-3013:33:25,6,小额打款成
180427-293672485763965,825248048,现摘现发陕西阎良甜瓜5斤装(4-6个装)新鲜时令水果香瓜蜜瓜甜瓜,小额补偿,合曼：子玉,2018-04-3012:42:55,4,小额打款成功
180426-520666440960873,825248048,现摘现发陕西阎良甜瓜5斤装(4-6个装)新鲜时令水果香瓜蜜瓜甜瓜,小额补偿,合曼：子玉,2018-04-3012:20:14,5,小额打款成功
180422-493089840000524,825248048,陕西阎良甜瓜5斤（4-6个装）新鲜时令水果香瓜蜜瓜甜瓜现摘包邮【预售：4月29日发完】,小额补偿,合曼：子玉,2018-04-3008:45:49,5,小额打款成功
180406-229207422721017,825248048,陕西阎良甜瓜5斤（4-6个装）新鲜时令水果香瓜蜜瓜甜瓜现摘包邮【预售：4月29日发完】,小额补偿,合曼：子玉,2018-04-2920:27:47,5.7,小额打款成功
180427-282846240002190,825248048,现摘现发陕西阎良甜瓜5斤装(4-6个装)新鲜时令水果香瓜蜜瓜甜瓜,小额补偿,合曼：子玉,2018-04-2920:20:58,8,小额打款成功
180423-265724637450388,825248048,陕西阎良甜瓜5斤（4-6个装）新鲜时令水果香瓜蜜瓜甜瓜现摘包邮【预售：4月29日发完】,小额补偿,合曼：子玉,2018-04-2919:10:11,9.12,小额打款成功
180427-252778946562465,825248048,现摘现发陕西阎良甜瓜5斤装(4-6个装)新鲜时令水果香瓜蜜瓜甜瓜,小额补偿,合曼：子玉,2018-04-2917:06:21,5,小额打款成功
180422-463535473920915,825248048,陕西阎良甜瓜5斤（4-6个装）新鲜时令水果香瓜蜜瓜甜瓜现摘包邮【预售：4月29日发完】,小额补偿,合曼：子玉,2018-04-2916:43:51,8.5,小额打款成功
180424-336946617613354,780165576,红富士苹果水果10斤（16-18头装）果经85-110mm陕西新鲜苹果脆甜,小额补偿,合曼：子玉,2018-04-2916:43:04,3,小额打款成功
180423-271739106560830,825248048,陕西阎良甜瓜5斤（4-6个装）新鲜时令水果香瓜蜜瓜甜瓜现摘包邮【预售：4月29日发完】,差价补偿,合曼：子玉,2018-04-2915:43:16,3,小额打款成
180410-486666334720195,825248048,陕西阎良甜瓜5斤（4-6个装）新鲜时令水果香瓜蜜瓜甜瓜现摘包邮【预售：4月29日发完】,小额补偿,合曼：子玉,2018-04-2914:53:53,6,小额打款成功
180401-364233536002087,825248048,陕西阎良甜瓜5斤（4-6个装）新鲜时令水果香瓜蜜瓜甜瓜现摘包邮【预售：4月29日发完】,小额补偿,合曼：子玉,2018-04-2914:35:50,5,小额打款成功
180427-300344366082735,825248048,现摘现发陕西阎良甜瓜5斤装(4-6个装)新鲜时令水果香瓜蜜瓜甜瓜,小额补偿,合曼：子玉,2018-04-2913:45:25,4,小额打款成功
180426-519489643522324,825248048,现摘现发陕西阎良甜瓜5斤装(4-6个装)新鲜时令水果香瓜蜜瓜甜瓜,小额补偿,合曼：子玉,2018-04-2911:59:56,1,小额打款成功
180418-458726069763755,968018882,陕西阎良甜瓜5斤（4-6个装）新鲜时令水果香瓜蜜瓜甜瓜哈密瓜包邮【预售：5月6日发完】,小额补偿,合曼：子玉,2018-04-2911:58:00,3.5,小额打款成功
180406-413724578562825,825248048,陕西阎良甜瓜5斤（4-6个装）新鲜时令水果香瓜蜜瓜甜瓜现摘包邮【预售：4月29日发完】,小额补偿,合曼：子玉,2018-04-2910:50:16,4,小额打款成功
180422-509417934721899,825248048,陕西阎良甜瓜5斤（4-6个装）新鲜时令水果香瓜蜜瓜甜瓜现摘包邮【预售：4月29日发完】,差价补偿,合曼：子玉,2018-04-2910:38:35,3,小额打款成功
180422-279267395843515,968018882,陕西阎良甜瓜5斤（4-6个装）新鲜时令水果香瓜蜜瓜甜瓜哈密瓜包邮【预售：5月6日发完】,小额补偿,合曼：子玉,2018-04-2910:27:14,3.8,小额打款成功
180423-347231600641178,780165576,红富士苹果水果10斤（16-18头装）果经85-110mm陕西新鲜苹果脆甜,小额补偿,合曼：子玉,2018-04-2909:26:20,8,小额打款成功
180425-337078241280555,825248048,陕西阎良甜瓜5斤（4-6个装）新鲜时令水果香瓜蜜瓜甜瓜现摘包邮【预售：4月29日发完】,小额补偿,合曼：子玉,2018-04-2908:41:41,4.5,小额打款成
180426-120137600000757,825248048,陕西阎良甜瓜5斤（4-6个装）新鲜时令水果香瓜蜜瓜甜瓜现摘包邮,小额补偿,合曼：子玉,2018-04-2908:40:57,4.5,小额打款成功
180406-508622446083517,825248048,陕西阎良甜瓜5斤（4-6个装）新鲜时令水果香瓜蜜瓜甜瓜现摘包邮【预售：4月29日发完】,小额补偿,合曼：子玉,2018-04-2821:48:09,4.5,小额打款成功
180422-387090695042420,825248048,陕西阎良甜瓜5斤（4-6个装）新鲜时令水果香瓜蜜瓜甜瓜现摘包邮【预售：4月29日发完】,小额补偿,合曼：子玉,2018-04-2820:24:19,4.56,小额打款成功
180412-331622187521003,968018882,陕西阎良甜瓜5斤（4-6个装）新鲜时令水果香瓜蜜瓜甜瓜哈密瓜包邮【预售：5月6日发完】,小额补偿,合曼：子玉,2018-04-2820:23:23,8,小额打款成功
180406-286494738572867,825248048,陕西阎良甜瓜5斤（4-6个装）新鲜时令水果香瓜蜜瓜甜瓜现摘包邮【预售：4月29日发完】,小额补偿,合曼：子玉,2018-04-2820:22:37,6,小额打款成功
180422-474603207683920,825248048,陕西阎良甜瓜5斤（4-6个装）新鲜时令水果香瓜蜜瓜甜瓜现摘包邮【预售：4月29日发完】,小额补偿,合曼：子玉,2018-04-2820:21:51,7.5,小额打款成功
180406-502205248654058,825248048,陕西阎良甜瓜5斤（4-6个装）新鲜时令水果香瓜蜜瓜甜瓜现摘包邮【预售：4月29日发完】,小额补偿,合曼：子玉,2018-04-2820:21:00,4.5,小额打款成功
180422-517728424970658,825248048,陕西阎良甜瓜5斤（4-6个装）新鲜时令水果香瓜蜜瓜甜瓜现摘包邮【预售：4月29日发完】,小额补偿,合曼：子玉,2018-04-2815:59:24,5,小额打款成功
180405-491387006722689,825248048,陕西阎良甜瓜5斤（4-6个装）新鲜时令水果香瓜蜜瓜甜瓜现摘包邮【预售：4月29日发完】,小额补偿,合曼：子玉,2018-04-2815:30:21,22.8,小额打款成功
180423-277227849601497,825248048,陕西阎良甜瓜5斤（4-6个装）新鲜时令水果香瓜蜜瓜甜瓜现摘包邮【预售：4月29日发完】,小额补偿,合曼：子玉,2018-04-2815:14:17,3.5,小额打款成
180404-368456282882898,825248048,陕西阎良甜瓜5斤（4-6个装）新鲜时令水果香瓜蜜瓜甜瓜现摘包邮【预售：4月29日发完】,小额补偿,合曼：子玉,2018-04-2813:52:29,5.7,小额打款成功
180404-261722028803116,825248048,陕西阎良甜瓜5斤（4-6个装）新鲜时令水果香瓜蜜瓜甜瓜现摘包邮【预售：4月29日发完】,小额补偿,合曼：子玉,2018-04-2813:34:32,5.7,小额打款成功
180406-518138074240663,825248048,陕西阎良甜瓜5斤（4-6个装）新鲜时令水果香瓜蜜瓜甜瓜现摘包邮【预售：4月29日发完】,小额补偿,合曼：子玉,2018-04-2813:33:44,5,小额打款成功
180424-503544729603440,780165576,红富士苹果水果10斤（16-18头装）果经85-110mm陕西新鲜苹果脆甜,小额补偿,合曼：子玉,2018-04-2812:47:31,15,小额打款成功
180404-499574929921437,825248048,陕西阎良甜瓜5斤（4-6个装）新鲜时令水果香瓜蜜瓜甜瓜现摘包邮【预售：4月29日发完】,小额补偿,合曼：子玉,2018-04-2812:32:09,22.8,小额打款成功
180417-310294529920152,968018882,陕西阎良甜瓜5斤（4-6个装）新鲜时令水果香瓜蜜瓜甜瓜哈密瓜包邮【预售：5月6日发完】,小额补偿,合曼：子玉,2018-04-2812:27:45,5,小额打款成功
180331-462641457281513,825248048,陕西阎良甜瓜5斤（4-6个装）新鲜时令水果香瓜蜜瓜甜瓜现摘包邮【预售：4月29日发完】,小额补偿,合曼：子玉,2018-04-2812:26:54,8,小额打款成功
180404-162221745923549,825248048,陕西阎良甜瓜5斤（4-6个装）新鲜时令水果香瓜蜜瓜甜瓜现摘包邮【预售：4月29日发完】,小额补偿,合曼：子玉,2018-04-2812:25:16,5,小额打款成功
180406-518798266882369,825248048,陕西阎良甜瓜5斤（4-6个装）新鲜时令水果香瓜蜜瓜甜瓜现摘包邮【预售：4月29日发完】,小额补偿,合曼：子玉,2018-04-2811:53:22,22.8,小额打款成功
180423-228832979843217,825248048,陕西阎良甜瓜5斤（4-6个装）新鲜时令水果香瓜蜜瓜甜瓜现摘包邮【预售：4月29日发完】,小额补偿,合曼：子玉,2018-04-2811:01:37,3.9,小额打款成
180422-483251267842566,825248048,陕西阎良甜瓜5斤（4-6个装）新鲜时令水果香瓜蜜瓜甜瓜现摘包邮【预售：4月29日发完】,小额补偿,合曼：子玉,2018-04-2810:56:51,12,小额打款成功
180404-312299165440097,825248048,陕西阎良甜瓜5斤（4-6个装）新鲜时令水果香瓜蜜瓜甜瓜现摘包邮【预售：4月29日发完】,小额补偿,合曼：子玉,2018-04-2810:25:13,22.8,小额打款成功
180423-409714329603470,825248048,陕西阎良甜瓜5斤（4-6个装）新鲜时令水果香瓜蜜瓜甜瓜现摘包邮【预售：4月29日发完】,小额补偿,合曼：子玉,2018-04-2810:20:43,22.8,小额打款成功
180423-301585203202953,825248048,陕西阎良甜瓜5斤（4-6个装）新鲜时令水果香瓜蜜瓜甜瓜现摘包邮【预售：4月29日发完】,差价补偿,合曼：子玉,2018-04-2809:06:58,9,小额打款成功
180427-500930284803769,825248048,现摘现发阎良甜瓜5斤装(4-6个装)新鲜时令水果蜜瓜甜瓜,小额补偿,合曼：子玉,2018-04-2723:12:44,2.9,小额打款成功
180416-511295114883018,780165576,红富士苹果水果10斤（16-18头装）果经85-110mm陕西新鲜苹果脆甜,小额补偿,合曼：子玉,2018-04-2722:59:27,15,小额打款成功
180413-113378398722695,968018882,陕西阎良甜瓜5斤（4-6个装）新鲜时令水果香瓜蜜瓜甜瓜哈密瓜包邮【预售：5月6日发完】,小额补偿,合曼：子玉,2018-04-2722:43:27,4.5,小额打款成功
180407-396846508163061,825248048,陕西阎良甜瓜5斤（4-6个装）新鲜时令水果香瓜蜜瓜甜瓜现摘包邮【预售：4月29日发完】,小额补偿,合曼：子玉,2018-04-2722:40:32,15,小额打款成功
180418-487817523842598,1004242981,头茬阎良甜瓜5斤（4-6个装）新鲜时令水果陕西甜瓜蜜瓜香瓜哈密瓜【预售：5月10日发完】,小额补偿,合曼：子玉,2018-04-2722:28:17,5.7,小额打款成功
180404-247479607042461,825248048,陕西阎良甜瓜5斤（4-6个装）新鲜时令水果香瓜蜜瓜甜瓜现摘包邮【预售：4月29日发完】,小额补偿,合曼：子玉,2018-04-2722:08:12,5.7,小额打款成
180405-378431459841748,825248048,陕西阎良甜瓜5斤（4-6个装）新鲜时令水果香瓜蜜瓜甜瓜现摘包邮【预售：4月29日发完】,小额补偿,合曼：子玉,2018-04-2722:00:27,6.4,小额打款成功
180406-315745758721615,825248048,陕西阎良甜瓜5斤（4-6个装）新鲜时令水果香瓜蜜瓜甜瓜现摘包邮【预售：4月29日发完】,小额补偿,合曼：子玉,2018-04-2721:50:42,5,小额打款成功
180411-476081242244029,968018882,陕西阎良甜瓜5斤（4-6个装）新鲜时令水果香瓜蜜瓜甜瓜哈密瓜包邮【预售：5月6日发完】,小额补偿,合曼：子玉,2018-04-2721:48:51,9,小额打款成功
180423-266851518723138,825248048,陕西阎良甜瓜5斤（4-6个装）新鲜时令水果香瓜蜜瓜甜瓜现摘包邮【预售：4月29日发完】,小额补偿,合曼：子玉,2018-04-2721:44:48,9,小额打款成功
180407-464139523842550,825248048,陕西阎良甜瓜5斤（4-6个装）新鲜时令水果香瓜蜜瓜甜瓜现摘包邮【预售：4月29日发完】,小额补偿,合曼：子玉,2018-04-2721:42:32,3,小额打款成功
180419-429167191680367,825248048,陕西阎良甜瓜5斤（4-6个装）新鲜时令水果香瓜蜜瓜甜瓜现摘包邮【预售：4月29日发完】,小额补偿,合曼：子玉,2018-04-2721:40:25,4,小额打款成功
180403-525484259842744,825248048,陕西阎良甜瓜5斤（4-6个装）新鲜时令水果香瓜蜜瓜甜瓜现摘包邮【预售：4月29日发完】,小额补偿,合曼：子玉,2018-04-2721:37:35,3.5,小额打款成功
180423-248103267202690,825248048,陕西阎良甜瓜5斤（4-6个装）新鲜时令水果香瓜蜜瓜甜瓜现摘包邮【预售：4月29日发完】,小额补偿,合曼：子玉,2018-04-2721:35:17,5,小额打款成功
180423-302681432960076,825248048,陕西阎良甜瓜5斤（4-6个装）新鲜时令水果香瓜蜜瓜甜瓜现摘包邮【预售：4月29日发完】,小额补偿,合曼：子玉,2018-04-2721:33:58,4,小额打款成功
180407-325601780481621,825248048,陕西阎良甜瓜5斤（4-6个装）新鲜时令水果香瓜蜜瓜甜瓜现摘包邮【预售：4月29日发完】,小额补偿,合曼：子玉,2018-04-2721:30:24,4,小额打款成
180422-471704156162556,825248048,陕西阎良甜瓜5斤（4-6个装）新鲜时令水果香瓜蜜瓜甜瓜现摘包邮【预售：4月29日发完】,小额补偿,合曼：子玉,2018-04-2721:04:46,5.7,小额打款成功
180407-492042688000284,825248048,陕西阎良甜瓜5斤（4-6个装）新鲜时令水果香瓜蜜瓜甜瓜现摘包邮【预售：4月29日发完】,小额补偿,合曼：子玉,2018-04-2720:55:54,6,小额打款成功
180407-535453458561494,780165576,红富士苹果水果10斤（16-18头装）果经85-110mm陕西新鲜苹果脆甜,小额补偿,合曼：子玉,2018-04-2715:43:58,2,小额打款成功
180402-469109875840142,825248048,陕西阎良甜瓜5斤（4-6个装）新鲜时令水果香瓜蜜瓜甜瓜现摘包邮【预售：4月29日发完】,小额补偿,合曼：子玉,2018-04-2715:25:52,14,小额打款成功
180413-427606510721295,968018882,陕西阎良甜瓜5斤（4-6个装）新鲜时令水果香瓜蜜瓜甜瓜哈密瓜包邮【预售：5月6日发完】,小额补偿,合曼：子玉,2018-04-2714:51:24,14.6,小额打款成功
180406-155551014403778,825248048,陕西阎良甜瓜5斤（4-6个装）新鲜时令水果香瓜蜜瓜甜瓜现摘包邮【预售：4月29日发完】,小额补偿,合曼：子玉,2018-04-2714:00:08,18,小额打款成功
180405-246274778882314,825248048,陕西阎良甜瓜5斤（4-6个装）新鲜时令水果香瓜蜜瓜甜瓜现摘包邮【预售：4月29日发完】,小额补偿,合曼：子玉,2018-04-2713:02:47,4,小额打款成功
180405-504842346242314,825248048,陕西阎良甜瓜5斤（4-6个装）新鲜时令水果香瓜蜜瓜甜瓜现摘包邮【预售：4月29日发完】,小额补偿,合曼：子玉,2018-04-2712:43:59,5.7,小额打款成功
180423-518105794562468,780165576,红富士苹果水果10斤（16-18头装）果经85-110mm陕西新鲜苹果脆甜,小额补偿,合曼：子玉,2018-04-2712:41:33,4.5,小额打款成功
180402-430269376641850,825248048,陕西阎良甜瓜5斤（4-6个装）新鲜时令水果香瓜蜜瓜甜瓜现摘包邮【预售：4月29日发完】,小额补偿,合曼：子玉,2018-04-2712:40:15,10,小额打款成
180422-471704156162556,825248048,陕西阎良甜瓜5斤（4-6个装）新鲜时令水果香瓜蜜瓜甜瓜现摘包邮【预售：4月29日发完】,小额补偿,合曼：子玉,2018-04-2721:04:46,5.7,小额打款成功
180407-492042688000284,825248048,陕西阎良甜瓜5斤（4-6个装）新鲜时令水果香瓜蜜瓜甜瓜现摘包邮【预售：4月29日发完】,小额补偿,合曼：子玉,2018-04-2720:55:54,6,小额打款成功
180407-535453458561494,780165576,红富士苹果水果10斤（16-18头装）果经85-110mm陕西新鲜苹果脆甜,小额补偿,合曼：子玉,2018-04-2715:43:58,2,小额打款成功
180402-469109875840142,825248048,陕西阎良甜瓜5斤（4-6个装）新鲜时令水果香瓜蜜瓜甜瓜现摘包邮【预售：4月29日发完】,小额补偿,合曼：子玉,2018-04-2715:25:52,14,小额打款成功
180413-427606510721295,968018882,陕西阎良甜瓜5斤（4-6个装）新鲜时令水果香瓜蜜瓜甜瓜哈密瓜包邮【预售：5月6日发完】,小额补偿,合曼：子玉,2018-04-2714:51:24,14.6,小额打款成功
180406-155551014403778,825248048,陕西阎良甜瓜5斤（4-6个装）新鲜时令水果香瓜蜜瓜甜瓜现摘包邮【预售：4月29日发完】,小额补偿,合曼：子玉,2018-04-2714:00:08,18,小额打款成功
180405-246274778882314,825248048,陕西阎良甜瓜5斤（4-6个装）新鲜时令水果香瓜蜜瓜甜瓜现摘包邮【预售：4月29日发完】,小额补偿,合曼：子玉,2018-04-2713:02:47,4,小额打款成功
180405-504842346242314,825248048,陕西阎良甜瓜5斤（4-6个装）新鲜时令水果香瓜蜜瓜甜瓜现摘包邮【预售：4月29日发完】,小额补偿,合曼：子玉,2018-04-2712:43:59,5.7,小额打款成功
180423-518105794562468,780165576,红富士苹果水果10斤（16-18头装）果经85-110mm陕西新鲜苹果脆甜,小额补偿,合曼：子玉,2018-04-2712:41:33,4.5,小额打款成功
180402-430269376641850,825248048,陕西阎良甜瓜5斤（4-6个装）新鲜时令水果香瓜蜜瓜甜瓜现摘包邮【预售：4月29日发完】,小额补偿,合曼：子玉,2018-04-2712:40:15,10,小额打款成
180402-536590226560700,825248048,陕西阎良甜瓜5斤（4-6个装）新鲜时令水果香瓜蜜瓜甜瓜现摘包邮【预售：4月29日发完】,小额补偿,合曼：子玉,2018-04-2619:50:43,6,小额打款成功
180420-226555464963460,968018882,陕西阎良甜瓜5斤（4-6个装）新鲜时令水果香瓜蜜瓜甜瓜哈密瓜包邮【预售：5月6日发完】,小额补偿,合曼：子玉,2018-04-2619:49:44,4.5,小额打款成功
180403-212312696963541,825248048,陕西阎良甜瓜5斤（4-6个装）新鲜时令水果香瓜蜜瓜甜瓜现摘包邮【预售：4月29日发完】,小额补偿,合曼：子玉,2018-04-2619:45:04,4.5,小额打款成功
180405-459294266881736,825248048,陕西阎良甜瓜5斤（4-6个装）新鲜时令水果香瓜蜜瓜甜瓜现摘包邮【预售：4月29日发完】,小额补偿,合曼：子玉,2018-04-2618:35:17,1.5,小额打款成功
180405-492061156480813,825248048,陕西阎良甜瓜5斤（4-6个装）新鲜时令水果香瓜蜜瓜甜瓜现摘包邮【预售：4月29日发完】,小额补偿,pdd20760431198,2018-04-2617:31:25,1,小额打款成功
180413-322264968960871,968018882,陕西阎良甜瓜5斤（4-6个装）新鲜时令水果香瓜蜜瓜甜瓜哈密瓜包邮【预售：5月6日发完】,小额补偿,合曼：子玉,2018-04-2617:05:11,4.5,小额打款成功
180406-266400202881393,825248048,陕西阎良甜瓜5斤（4-6个装）新鲜时令水果香瓜蜜瓜甜瓜现摘包邮【预售：4月29日发完】,小额补偿,合曼：子玉,2018-04-2616:53:37,5,小额打款成功
180405-432690568961638,825248048,陕西阎良甜瓜5斤（4-6个装）新鲜时令水果香瓜蜜瓜甜瓜现摘包邮【预售：4月29日发完】,小额补偿,合曼：子玉,2018-04-2615:05:47,3.5,小额打款成功
180423-269763329920891,780165576,红富士苹果水果10斤（16-18头装）果经85-110mm陕西新鲜苹果脆甜,小额补偿,pdd20760431198,2018-04-2613:47:21,5,小额打款成功
180405-419839500800506,825248048,陕西阎良甜瓜5斤（4-6个装）新鲜时令水果香瓜蜜瓜甜瓜现摘包邮【预售：4月29日发完】,小额补偿,pdd20760431198,2018-04-2610:06:45,5.7,小额打款成
180422-393545667842932,780165576,红富士苹果水果10斤（16-18头装）果经85-110mm陕西新鲜苹果脆甜,小额补偿,合曼：子玉,2018-04-2520:31:45,3,小额打款成功
180423-260122487042428,780165576,红富士苹果水果10斤（16-18头装）果经85-110mm陕西新鲜苹果脆甜,小额补偿,合曼：子玉,2018-04-2520:31:14,5,小额打款成功
180422-292841416961922,780165576,红富士苹果水果10斤（16-18头装）果经85-110mm陕西新鲜苹果脆甜,小额补偿,合曼：子玉,2018-04-2515:13:18,15,小额打款成功
180422-276271217920898,780165576,红富士苹果水果10斤（16-18头装）果经85-110mm陕西新鲜苹果脆甜,小额补偿,合曼：子玉,2018-04-2420:36:15,4,小额打款成功
180417-413623799682647,780165576,红富士苹果水果10斤（16-18头装）果经85-110mm陕西新鲜苹果脆甜,小额补偿,合曼：子玉,2018-04-2416:59:20,11.8,小额打款成功
180417-395921180162965,780165576,红富士苹果水果10斤（16-18头装）果经85-110mm陕西新鲜苹果脆甜,小额补偿,合曼：子玉,2018-04-2416:29:30,14.4,小额打款成功
180419-444209034883898,780165576,红富士苹果水果10斤（16-18头装）果经85-110mm陕西新鲜苹果脆甜,小额补偿,合曼：子玉,2018-04-2316:33:15,8,小额打款成功
180419-271865979522814,780165576,红富士苹果水果10斤（16-18头装）果经85-110mm陕西新鲜苹果脆甜,小额补偿,合曼：子玉,2018-04-2313:56:45,2,小额打款成功
180419-395628454401210,780165576,红富士苹果水果10斤（16-18头装）果经85-110mm陕西新鲜苹果脆甜,小额补偿,合曼：子玉,2018-04-2311:23:16,5.5,小额打款成功
180420-396757777281435,780165576,红富士苹果水果10斤（16-18头装）果经85-110mm陕西新鲜苹果脆甜,小额补偿,合曼：子玉,2018-04-2311:06:17,3,小额打款成
180419-507413740163328,780165576,红富士苹果水果10斤（16-18头装）果经85-110mm陕西新鲜苹果脆甜,小额补偿,合曼：子玉,2018-04-2217:17:32,6,小额打款成功
180417-403016018561922,780165576,红富士苹果水果10斤（16-18头装）果经85-110mm陕西新鲜苹果脆甜,小额补偿,合曼：子玉,2018-04-2214:26:53,10,小额打款成功
180418-385662587521076,780165576,红富士苹果水果10斤（16-18头装）果经85-110mm陕西新鲜苹果脆甜,小额补偿,合曼：子玉,2018-04-2214:19:28,6,小额打款成功
180418-279857112963932,780165576,红富士苹果水果10斤（16-18头装）果经85-110mm陕西新鲜苹果脆甜,小额补偿,合曼：子玉,2018-04-2114:46:12,8,小额打款成功
180416-364325166730669,780165576,红富士苹果水果10斤（16-18头装）果经85-110mm陕西新鲜苹果脆甜,小额补偿,合曼：子玉,2018-04-2020:12:12,10.8,小额打款成功
180417-360388984321893,780165576,红富士苹果水果10斤（16-18头装）果经85-110mm陕西新鲜苹果脆甜,小额补偿,合曼：子玉,2018-04-2019:41:30,8,小额打款成功
180417-358994408960182,780165576,红富士苹果水果10斤（16-18头装）果经85-110mm陕西新鲜苹果脆甜,小额补偿,合曼：子玉,2018-04-2012:17:10,2,小额打款成功
180416-327885063043250,780165576,红富士苹果水果10斤（16-18头装）果经85-110mm陕西新鲜苹果脆甜,小额补偿,合曼：子玉,2018-04-2010:06:46,5.5,小额打款成功
180413-482424163840637,780165576,红富士苹果水果10斤（16-18头装）果经85-110mm陕西新鲜苹果脆甜,小额补偿,合曼：子玉,2018-04-1921:16:07,3,小额打款成功
180415-466017011213101,780165576,红富士苹果水果10斤（16-18头装）果经85-110mm陕西新鲜苹果脆甜,小额补偿,合曼：子玉,2018-04-1919:52:30,10,小额打款成
180416-466342591360740,780165576,红富士苹果水果10斤（16-18头装）果经85-110mm陕西新鲜苹果脆甜,小额补偿,合曼：子玉,2018-04-1916:37:30,5,小额打款成功
180416-325110135683482,780165576,红富士苹果水果10斤（16-18头装）果经85-110mm陕西新鲜苹果脆甜,小额补偿,合曼：子玉,2018-04-1912:03:32,5,小额打款成功
180414-328246833283183,780165576,红富士苹果水果10斤（16-18头装）果经85-110mm陕西新鲜苹果脆甜,小额补偿,合曼：子玉,2018-04-1819:21:28,14,小额打款成功
180415-477855635201437,780165576,红富士苹果水果10斤（16-18头装）果经85-110mm陕西新鲜苹果脆甜,小额补偿,合曼：子玉,2018-04-1818:47:55,5,小额打款成功
180416-261513816962139,780165576,红富士苹果水果10斤（16-18头装）果经85-110mm陕西新鲜苹果脆甜,小额补偿,合曼：子玉,2018-04-1818:46:18,5,小额打款成功
180414-410973944963724,780165576,红富士苹果水果10斤（16-18头装）果经85-110mm陕西新鲜苹果脆甜,小额补偿,合曼：子玉,2018-04-1817:43:13,4,小额打款成功
180414-332248390400470,780165576,红富士苹果水果10斤（16-18头装）果经85-110mm陕西新鲜苹果脆甜,小额补偿,合曼：子玉,2018-04-1813:11:11,5.5,小额打款成功
180414-520939774092591,780165576,红富士苹果水果10斤（16-18头装）果经85-110mm陕西新鲜苹果脆甜,小额补偿,合曼：子玉,2018-04-1723:06:09,4,小额打款成功
180415-263808145920301,780165576,红富士苹果水果10斤（16-18头装）果经85-110mm陕西新鲜苹果脆甜,小额补偿,合曼：子玉,2018-04-1721:34:50,12,小额打款成功
180414-359440745602027,780165576,红富士苹果水果10斤（16-18头装）果经85-110mm陕西新鲜苹果脆甜,小额补偿,合曼：子玉,2018-04-1720:02:20,4,小额打款成
180410-512139881602813,780165576,红富士苹果水果10斤（16-18头装）果经85-110mm陕西新鲜苹果脆甜,小额补偿,合曼：子玉,2018-04-1717:46:49,3.5,小额打款成功
180407-474071125122597,780165576,红富士苹果水果10斤（16-18头装）果经85-110mm陕西新鲜苹果脆甜,小额补偿,合曼：子玉,2018-04-1717:28:07,15,小额退款中
180414-504122592000819,780165576,红富士苹果水果10斤（16-18头装）果经85-110mm陕西新鲜苹果脆甜,小额补偿,合曼：子玉,2018-04-1713:33:29,3,小额打款成功
180407-297299751681372,780165576,红富士苹果水果10斤装（18头装）果经85-110mm陕西新鲜苹果不打蜡,小额补偿,合曼：子玉,2018-04-1709:17:25,6,小额打款成功
180403-506035571843379,780165576,红富士苹果水果10斤装（18头装）果经85-110mm陕西新鲜苹果不打蜡,小额补偿,合曼：子玉,2018-04-1621:49:03,6,小额打款成功
180413-343822810883185,780165576,红富士苹果水果10斤（16-18头装）果经85-110mm陕西新鲜苹果脆甜,小额补偿,合曼：子玉,2018-04-1621:44:30,5,小额打款成功
180413-377213197440703,780165576,红富士苹果水果10斤（16-18头装）果经85-110mm陕西新鲜苹果脆甜,小额补偿,合曼：子玉,2018-04-1616:35:23,10,小额打款成功
180408-342440430081262,780165576,红富士苹果水果10斤（16-18头装）果经85-110mm陕西新鲜苹果脆甜,小额补偿,合曼：子玉,2018-04-1615:56:43,5,小额打款成功
180408-376537367680602,780165576,红富士苹果水果10斤（16-18头装）果经85-110mm陕西新鲜苹果脆甜,小额补偿,合曼：子玉,2018-04-1613:11:38,3,小额打款成功
180412-426102373120107,780165576,红富士苹果水果10斤（16-18头装）果经85-110mm陕西新鲜苹果脆甜,小额补偿,合曼：子玉,2018-04-1611:19:53,10,小额打款成
180404-347913066243147,780165576,红富士苹果水果10斤装（18头装）果经85-110mm陕西新鲜苹果不打蜡,小额补偿,合曼：子玉,2018-04-1609:04:04,28.8,小额打款成功
180406-216855549442974,780165576,红富士苹果水果10斤装（18头装）果经85-110mm陕西新鲜苹果不打蜡,小额补偿,合曼：子玉,2018-04-1520:08:14,5,小额打款成功
180407-414070449920107,780165576,红富士苹果水果10斤装（18头装）果经85-110mm陕西新鲜苹果不打蜡,小额补偿,pdd20760431198,2018-04-1510:23:43,5,小额打款成功
180411-519413932161732,780165576,红富士苹果水果10斤（16-18头装）果经85-110mm陕西新鲜苹果脆甜,小额补偿,pdd20760431198,2018-04-1420:10:33,3,小额打款成功
180411-496071687682428,780165576,红富士苹果水果10斤（16-18头装）果经85-110mm陕西新鲜苹果脆甜,小额补偿,pdd20760431198,2018-04-1416:46:13,3,小额打款成功
180404-473402704001178,780165576,红富士苹果水果10斤装（18头装）果经85-110mm陕西新鲜苹果不打蜡,小额补偿,pdd20760431198,2018-04-1414:06:21,2,小额打款成功
180407-498413909763819,780165576,红富士苹果水果10斤（16-18头装）果经85-110mm陕西新鲜苹果脆甜,小额补偿,pdd20760431198,2018-04-1408:17:12,3,小额打款成功
180410-338283149442010,780165576,红富士苹果水果10斤（16-18头装）果经85-110mm陕西新鲜苹果脆甜,小额补偿,合曼：子玉,2018-04-1323:23:30,3.5,小额打款成功
180410-426774219532139,780165576,红富士苹果水果10斤（16-18头装）果经85-110mm陕西新鲜苹果脆甜,小额补偿,合曼：子玉,2018-04-1321:09:19,6,小额打款成功
180410-432381136000118,780165576,红富士苹果水果10斤（16-18头装）果经85-110mm陕西新鲜苹果脆甜,小额补偿,pdd20760431198,2018-04-1319:04:37,3,小额打款成
180405-544602397443440,780165576,红富士苹果水果10斤装（18头装）果经85-110mm陕西新鲜苹果不打蜡,小额补偿,pdd20760431198,2018-04-1319:03:47,28.8,小额打款成功
180409-527925687041958,780165576,红富士苹果水果10斤（16-18头装）果经85-110mm陕西新鲜苹果脆甜,小额补偿,pdd20760431198,2018-04-1314:17:31,3,小额打款成功
180409-533511278722292,780165576,红富士苹果水果10斤（16-18头装）果经85-110mm陕西新鲜苹果脆甜,小额补偿,pdd20760431198,2018-04-1312:37:35,3,小额打款成功
180408-218512186883995,780165576,红富士苹果水果10斤（16-18头装）果经85-110mm陕西新鲜苹果脆甜,小额补偿,合曼：子玉,2018-04-1312:36:55,7,小额打款成功
180409-491020976641449,780165576,红富士苹果水果10斤（16-18头装）果经85-110mm陕西新鲜苹果脆甜,小额补偿,合曼：子玉,2018-04-1219:28:38,16.8,小额打款成功
180406-225710815363691,780165576,红富士苹果水果10斤装（18头装）果经85-110mm陕西新鲜苹果不打蜡,小额补偿,合曼：子玉,2018-04-1217:57:02,6,小额打款成功
180409-487050611844076,780165576,红富士苹果水果10斤（16-18头装）果经85-110mm陕西新鲜苹果脆甜,小额补偿,pdd20760431198,2018-04-1214:35:21,6,小额打款成功
180408-292330554883369,780165576,红富士苹果水果10斤（16-18头装）果经85-110mm陕西新鲜苹果脆甜,小额补偿,合曼：子玉,2018-04-1214:29:39,6,小额打款成功
180407-529114335360270,780165576,红富士苹果水果10斤（16-18头装）果经85-110mm陕西新鲜苹果脆甜,小额补偿,pdd20760431198,2018-04-1213:27:46,3.2,小额打款成功
180406-373675349762700,780165576,红富士苹果水果10斤装（18头装）果经85-110mm陕西新鲜苹果不打蜡,小额补偿,合曼：子玉,2018-04-1213:16:15,28.8,小额打款成
180408-421167865600740,780165576,红富士苹果水果10斤（16-18头装）果经85-110mm陕西新鲜苹果脆甜,小额补偿,pdd20760431198,2018-04-1211:02:31,3,小额打款成功
180406-416744820500221,780165576,红富士苹果水果10斤装（18头装）果经85-110mm陕西新鲜苹果不打蜡,小额补偿,合曼：子玉,2018-04-1209:22:54,3.5,小额打款成功
180408-421247132162909,780165576,红富士苹果水果10斤（16-18头装）果经85-110mm陕西新鲜苹果脆甜,小额补偿,pdd20760431198,2018-04-1121:11:53,1.6,小额打款成功
180407-384407099522498,780165576,红富士苹果水果10斤装（18头装）果经85-110mm陕西新鲜苹果不打蜡,小额补偿,pdd20760431198,2018-04-1116:24:47,9,小额打款成功
180407-442851879043826,780165576,红富士苹果水果10斤（16-18头装）果经85-110mm陕西新鲜苹果脆甜,小额补偿,pdd20760431198,2018-04-1115:59:57,4,小额打款成功
180409-309006672003533,780165576,红富士苹果水果10斤（16-18头装）果经85-110mm陕西新鲜苹果脆甜,小额补偿,pdd20760431198,2018-04-1114:14:29,5,小额打款成功
180404-267708136962494,780165576,红富士苹果水果10斤装（18头装）果经85-110mm陕西新鲜苹果不打蜡,小额补偿,合曼：子玉,2018-04-1111:36:59,4,小额打款成功
180406-339534590721385,780165576,红富士苹果水果10斤装（18头装）果经85-110mm陕西新鲜苹果不打蜡,小额补偿,pdd20760431198,2018-04-1109:19:49,8,小额打款成功
180406-281612066573731,780165576,红富士苹果水果10斤装（18头装）果经85-110mm陕西新鲜苹果不打蜡,小额补偿,合曼：子玉,2018-04-1021:14:15,10,小额打款成功
180404-386482778881068,780165576,红富士苹果水果10斤装（18头装）果经85-110mm陕西新鲜苹果不打蜡,小额补偿,合曼：子玉,2018-04-1020:54:32,9,小额打款成
180408-279427448321458,780165576,红富士苹果水果10斤（16-18头装）果经85-110mm陕西新鲜苹果脆甜,小额补偿,合曼：子玉,2018-04-1020:20:18,12,小额打款成功
180407-385574009602765,780165576,红富士苹果水果10斤装（18头装）果经85-110mm陕西新鲜苹果不打蜡,小额补偿,合曼：子玉,2018-04-1019:59:47,4,小额打款成功
180405-431845932162153,780165576,红富士苹果水果10斤装（18头装）果经85-110mm陕西新鲜苹果不打蜡,小额补偿,pdd20760431198,2018-04-1019:21:03,2,小额打款成功
180402-331457017603867,780165576,红富士苹果水果10斤装（18头装）果经85-110mm陕西新鲜苹果不打蜡,小额补偿,pdd20760431198,2018-04-1019:19:46,4,小额打款成功
180407-514621514240037,780165576,红富士苹果水果10斤（16-18头装）果经85-110mm陕西新鲜苹果脆甜,小额补偿,合曼：子玉,2018-04-1017:57:12,1.5,小额打款成功
180407-306193002242143,780165576,红富士苹果水果10斤装（18头装）果经85-110mm陕西新鲜苹果不打蜡,小额补偿,pdd20760431198,2018-04-1013:51:58,17,小额打款成功
180406-316960837123026,780165576,红富士苹果水果10斤装（18头装）果经85-110mm陕西新鲜苹果不打蜡,小额补偿,合曼：子玉,2018-04-1012:10:00,2,小额打款成功
180406-103272778881222,780165576,红富士苹果水果10斤装（18头装）果经85-110mm陕西新鲜苹果不打蜡,小额补偿,pdd20760431198,2018-04-1008:58:43,4,小额打款成功
180405-115574808322168,780165576,红富士苹果水果10斤装（18头装）果经85-110mm陕西新鲜苹果不打蜡,小额补偿,合曼：子玉,2018-04-0922:45:02,6,小额打款成功
180406-464462640662271,780165576,红富士苹果水果10斤装（18头装）果经85-110mm陕西新鲜苹果不打蜡,小额补偿,合曼：子玉,2018-04-0922:06:16,3.5,小额打款成
180406-378794856962170,780165576,红富士苹果水果10斤装（18头装）果经85-110mm陕西新鲜苹果不打蜡,小额补偿,合曼：子玉,2018-04-0920:55:56,4,小额打款成功
180407-110026350080971,780165576,红富士苹果水果10斤装（18头装）果经85-110mm陕西新鲜苹果不打蜡,小额补偿,合曼：子玉,2018-04-0917:11:45,3,小额打款成功
180406-419051722240211,780165576,红富士苹果水果10斤装（18头装）果经85-110mm陕西新鲜苹果不打蜡,小额补偿,合曼：子玉,2018-04-0916:20:43,5,小额打款成功
180406-104048234242082,780165576,红富士苹果水果10斤装（18头装）果经85-110mm陕西新鲜苹果不打蜡,小额补偿,pdd20760431198,2018-04-0916:20:07,6.5,小额打款成功
180403-342047532803649,780165576,红富士苹果水果10斤装（18头装）果经85-110mm陕西新鲜苹果不打蜡,小额补偿,pdd20760431198,2018-04-0914:57:56,8,小额打款成功
180405-534287287041350,780165576,红富士苹果水果10斤装（18头装）果经85-110mm陕西新鲜苹果不打蜡,小额补偿,合曼：子玉,2018-04-0913:02:30,3,小额打款成功
180405-246547223681075,780165576,红富士苹果水果10斤装（18头装）果经85-110mm陕西新鲜苹果不打蜡,小额补偿,pdd20760431198,2018-04-0912:15:29,8,小额打款成功
180401-528440288011739,780165576,红富士苹果水果10斤装（18头装）果经85-110mm陕西新鲜苹果不打蜡,小额补偿,合曼：子玉,2018-04-0911:42:25,8,小额打款成功
180406-262155104003077,780165576,红富士苹果水果10斤装（18头装）果经85-110mm陕西新鲜苹果不打蜡,小额补偿,合曼：子玉,2018-04-0910:35:15,1.6,小额打款成功
180402-335722698881643,780165576,红富士苹果水果10斤装（18头装）果经85-110mm陕西新鲜苹果不打蜡,小额补偿,合曼：子玉,2018-04-0909:51:37,4,小额打款成
180404-422508389122030,780165576,红富士苹果水果10斤装（18头装）果经85-110mm陕西新鲜苹果不打蜡,小额补偿,合曼：子玉,2018-04-0823:00:57,7,小额打款成功
180402-521552801283468,780165576,红富士苹果水果10斤装（18头装）果经85-110mm陕西新鲜苹果不打蜡,小额补偿,合曼：子玉,2018-04-0822:17:35,1.6,小额打款成功
180405-253020240002397,780165576,红富士苹果水果10斤装（18头装）果经85-110mm陕西新鲜苹果不打蜡,小额补偿,合曼：子玉,2018-04-0820:30:45,2.5,小额打款成功
180404-522334175361702,780165576,红富士苹果水果10斤装（18头装）果经85-110mm陕西新鲜苹果不打蜡,小额补偿,pdd20760431198,2018-04-0816:05:48,6,小额打款成功
180404-469572954883369,780165576,红富士苹果水果10斤装（18头装）果经85-110mm陕西新鲜苹果不打蜡,小额补偿,合曼：子玉,2018-04-0814:33:23,3,小额打款成功
180403-475359649282526,780165576,红富士苹果水果10斤装（18头装）果经85-110mm陕西新鲜苹果不打蜡,小额补偿,合曼：子玉,2018-04-0812:13:06,1.5,小额打款成功
180404-445401817602428,780165576,红富士苹果水果10斤装（18头装）果经85-110mm陕西新鲜苹果不打蜡,小额补偿,pdd20760431198,2018-04-0809:06:42,11,小额打款成功
180401-530193671683642,780165576,红富士苹果水果10斤装（18头装）果经85-110mm陕西新鲜苹果不打蜡,小额补偿,pdd20760431198,2018-04-0721:41:35,2,小额打款成功
180404-404514316802101,780165576,红富士苹果水果10斤装（18头装）果经85-110mm陕西新鲜苹果不打蜡,小额补偿,pdd20760431198,2018-04-0720:33:41,9.5,小额打款成功
180402-413304574082805,780165576,红富士苹果水果10斤装（18头装）果经85-110mm陕西新鲜苹果不打蜡,小额补偿,pdd20760431198,2018-04-0719:08:46,12,小额打款成
180404-457722996483932,780165576,红富士苹果水果10斤装（18头装）果经85-110mm陕西新鲜苹果不打蜡,小额补偿,pdd20760431198,2018-04-0718:10:20,3.5,小额打款成功
180403-473011828481396,780165576,红富士苹果水果10斤装（18头装）果经85-110mm陕西新鲜苹果不打蜡,小额补偿,pdd20760431198,2018-04-0717:07:46,16,小额打款成功
180403-497129367042530,780165576,红富士苹果水果10斤装（18头装）果经85-110mm陕西新鲜苹果不打蜡,小额补偿,pdd20760431198,2018-04-0716:41:29,5,小额打款成功
180404-315768211213092,780165576,红富士苹果水果10斤装（18头装）果经85-110mm陕西新鲜苹果不打蜡,小额补偿,pdd20760431198,2018-04-0716:20:56,10,小额打款成功
180404-388066957442141,780165576,红富士苹果水果10斤装（18头装）果经85-110mm陕西新鲜苹果不打蜡,小额补偿,pdd20760431198,2018-04-0713:59:45,8,小额打款成功
180404-372013258242917,780165576,红富士苹果水果10斤装（18头装）果经85-110mm陕西新鲜苹果不打蜡,小额补偿,pdd20760431198,2018-04-0713:13:28,2,小额打款成功
180405-315769783042973,780165576,红富士苹果水果10斤装（18头装）果经85-110mm陕西新鲜苹果不打蜡,小额补偿,pdd20760431198,2018-04-0713:12:57,28.8,小额打款成功
180404-230301452800994,780165576,红富士苹果水果10斤装（18头装）果经85-110mm陕西新鲜苹果不打蜡,小额补偿,pdd20760431198,2018-04-0713:12:32,3,小额打款成功
180404-312499234571656,780165576,红富士苹果水果10斤装（18头装）果经85-110mm陕西新鲜苹果不打蜡,差价补偿,pdd20760431198,2018-04-0713:12:02,5,小额打款成功
180403-399588151042684,780165576,红富士苹果水果10斤装（18头装）果经85-110mm陕西新鲜苹果不打蜡,差价补偿,pdd20760431198,2018-04-0713:11:38,5,小额打款成
180404-272104252163656,780165576,红富士苹果水果10斤装（18头装）果经85-110mm陕西新鲜苹果不打蜡,小额补偿,合曼：子玉,2018-04-0712:30:05,3,小额打款成功
180404-342246506240083,780165576,红富士苹果水果10斤装（18头装）果经85-110mm陕西新鲜苹果不打蜡,差价补偿,pdd20760431198,2018-04-0621:10:50,10,小额打款成功
180401-456889209603717,780165576,红富士苹果水果10斤装（18头装）果经85-110mm陕西新鲜苹果不打蜡,小额补偿,pdd20760431198,2018-04-0620:04:08,28.8,小额打款成功
180403-254589141120107,780165576,红富士苹果水果10斤装（18头装）果经85-110mm陕西新鲜苹果不打蜡,差价补偿,pdd20760431198,2018-04-0618:35:48,5,小额打款成功
180403-536928715523395,780165576,红富士苹果水果10斤装（18头装）果经85-110mm陕西新鲜苹果不打蜡,差价补偿,pdd20760431198,2018-04-0617:03:21,2,小额打款成功
180403-276269626881733,780165576,红富士苹果水果10斤装（18头装）果经85-110mm陕西新鲜苹果不打蜡,小额补偿,合曼：子玉,2018-04-0615:53:26,5,小额打款成功
180402-452297448963841,780165576,红富士苹果水果10斤装（18头装）果经85-110mm陕西新鲜苹果不打蜡,小额补偿,合曼：子玉,2018-04-0614:22:38,4,小额打款成功
180403-453132741120189,780165576,红富士苹果水果10斤装（18头装）果经85-110mm陕西新鲜苹果不打蜡,差价补偿,pdd20760431198,2018-04-0610:36:55,3,小额打款成功
180401-479051205761987,780165576,红富士苹果水果10斤装（18头装）果经85-110mm陕西新鲜苹果不打蜡,差价补偿,pdd20760431198,2018-04-0518:20:09,3,小额打款成功
180403-308626449923425,780165576,红富士苹果水果10斤装（18头装）果经85-110mm陕西新鲜苹果不打蜡,差价补偿,pdd20760431198,2018-04-0515:21:29,6,小额打款成
180402-534588071043328,780165576,红富士苹果水果10斤装（18头装）果经85-110mm陕西新鲜苹果不打蜡,差价补偿,pdd20760431198,2018-04-0513:53:58,5,小额打款成功
180402-491877685760476,780165576,红富士苹果水果10斤装（18头装）果经85-110mm陕西新鲜苹果不打蜡,小额补偿,合曼：子玉,2018-04-0512:14:40,1.5,小额打款成功
180402-416841146881030,780165576,红富士苹果水果10斤装（18头装）果经85-110mm陕西新鲜苹果不打蜡,差价补偿,pdd20760431198,2018-04-0512:08:11,7,小额打款成功
180401-247616371842392,780165576,红富士苹果水果10斤装（18头装）果经85-110mm陕西新鲜苹果不打蜡,小额补偿,合曼：子玉,2018-04-0422:51:47,5,小额打款成功
180331-155896067201825,780165576,红富士苹果水果10斤装（18头装）果经85-110mm陕西新鲜苹果不打蜡,小额补偿,合曼：子玉,2018-04-0421:31:21,8,小额打款成功
180401-542107616000221,780165576,红富士苹果水果10斤装（18头装）果经85-110mm陕西新鲜苹果不打蜡,小额补偿,pdd20760431198,2018-04-0420:44:10,2,小额打款成功
180331-410894262403023,780165576,红富士苹果水果10斤装（18头装）果经85-110mm陕西新鲜苹果不打蜡,小额补偿,pdd20760431198,2018-04-0420:08:10,8,小额打款成功
180401-505802807041178,780165576,红富士苹果水果10斤装（18头装）果经85-110mm陕西新鲜苹果不打蜡,小额补偿,pdd20760431198,2018-04-0420:06:08,3.5,小额打款成功
180402-323400250882804,780165576,红富士苹果水果10斤装（18头装）果经85-110mm陕西新鲜苹果不打蜡,小额补偿,合曼：子玉,2018-04-0417:51:27,3,小额打款成功
180401-537837152000661,780165576,红富士苹果水果10斤装（18头装）果经85-110mm陕西新鲜苹果不打蜡,小额补偿,合曼：子玉,2018-04-0417:50:50,5,小额打款成
180401-520916861440799,780165576,红富士苹果水果10斤装（18头装）果经85-110mm陕西新鲜苹果不打蜡,小额补偿,合曼：子玉,2018-04-0416:25:26,2,小额打款成功
180401-424822940171847,780165576,红富士苹果水果10斤装（18头装）果经85-110mm陕西新鲜苹果不打蜡,小额补偿,pdd20760431198,2018-04-0415:39:31,5,小额打款成功
180329-316723598080160,780165576,红富士苹果水果10斤装（18头装）果经85-110mm陕西新鲜苹果不打蜡,小额补偿,pdd20760431198,2018-04-0410:23:01,3,小额打款成功
180401-499903968004047,825248048,陕西阎良甜瓜5斤（4-6个装）新鲜时令水果香瓜蜜瓜甜瓜现摘包邮【预售：4月29日发完】,小额补偿,pdd20760431198,2018-04-0409:00:19,3,小额打款成功
180329-369945035521735,780165576,红富士苹果水果10斤装（18头装）果经85-110mm陕西新鲜苹果不打蜡,差价补偿,pdd20760431198,2018-04-0216:48:36,8,小额打款成功
180329-401413066882849,780165576,红富士苹果水果10斤装（18头装）果经85-110mm陕西新鲜苹果不打蜡,差价补偿,pdd20760431198,2018-04-0122:38:26,15,小额打款成功
180329-372175148160413,780165576,红富士苹果水果10斤装（18头装）果经85-110mm陕西新鲜苹果不打蜡,差价补偿,pdd20760431198,2018-04-0120:14:57,15,小额打款成功
180329-376955957762929,780165576,红富士苹果水果10斤装（18头装）果经85-110mm陕西新鲜苹果不打蜡,差价补偿,pdd20760431198,2018-04-0118:28:52,5,小额打款成功
