商户订单号,发生时间,收入金额（+元）,支出金额（-元）,帐务类型,备注
180411-467197196800947,2018/4/15 21:03,0.78,0,优惠券结算,交易成功优惠券支付金额结算
180412-327344028170731,2018/4/15 17:55,0.69,0,优惠券结算,交易成功优惠券支付金额结算
180410-448607936642831,2018/4/15 16:51,0,-0.58,优惠券结算,退款补用户优惠券
180410-448607936642831,2018/4/15 16:51,0.58,0,优惠券结算,交易成功优惠券支付金额结算
180331-303894131200027,2018/4/15 15:19,3,0,优惠券结算,交易成功优惠券支付金额结算
180330-357469847693090,2018/4/15 15:19,10,0,优惠券结算,交易成功优惠券支付金额结算
180331-293895253761353,2018/4/15 15:19,3,0,优惠券结算,交易成功优惠券支付金额结算
180410-256706332162533,2018/4/15 14:49,0.77,0,优惠券结算,交易成功优惠券支付金额结算
180405-225298906243331,2018/4/15 11:47,10,0,优惠券结算,交易成功优惠券支付金额结算
180411-440086419202998,2018/4/14 23:29,3,0,优惠券结算,交易成功优惠券支付金额结算
180409-501975939842883,2018/4/14 19:55,0.7,0,优惠券结算,交易成功优惠券支付金额结算
180402-391325345923730,2018/4/14 15:55,3,0,优惠券结算,交易成功优惠券支付金额结算
180329-410449098253934,2018/4/14 15:42,10,0,优惠券结算,交易成功优惠券支付金额结算
180329-453052817922873,2018/4/14 15:42,3,0,优惠券结算,交易成功优惠券支付金额结算
180329-407642391040766,2018/4/14 15:42,0.5,0,优惠券结算,交易成功优惠券支付金额结算
180329-389366259840630,2018/4/14 15:42,1.02,0,优惠券结算,交易成功优惠券支付金额结算
180329-456823452163677,2018/4/14 15:42,3,0,优惠券结算,交易成功优惠券支付金额结算
180330-291054476800608,2018/4/14 15:42,10,0,优惠券结算,交易成功优惠券支付金额结算
180329-411805263362621,2018/4/14 15:42,3,0,优惠券结算,交易成功优惠券支付金额结算
180407-393930652160104,2018/4/14 14:31,0,-5,优惠券结算,退款补用户优惠券
180407-393930652160104,2018/4/14 14:31,5,0,优惠券结算,交易成功优惠券支付金额结算
180411-465152136322141,2018/4/14 14:21,4.32,0,优惠券结算,交易成功优惠券支付金额结算
180414-322765356170187,2018/4/14 14:17,0,-0.73,优惠券结算,退款扣除优惠券支付金额
180414-322765356170187,2018/4/14 14:17,0.73,0,优惠券结算,交易成功优惠券支付金额结算
180411-368747216003890,2018/4/14 12:23,10,0,优惠券结算,交易成功优惠券支付金额结算
180410-432381136000118,2018/4/14 11:37,10,0,优惠券结算,交易成功优惠券支付金额结算
180407-292904588802621,2018/4/14 9:37,0,-3,优惠券结算,退款补用户优惠券
180407-292904588802621,2018/4/14 9:37,3,0,优惠券结算,交易成功优惠券支付金额结算
180412-491615685121096,2018/4/14 9:36,0,-10,优惠券结算,退款补用户优惠券
180412-491615685121096,2018/4/14 9:36,10,0,优惠券结算,交易成功优惠券支付金额结算
180408-301451472640515,2018/4/13 22:35,1.01,0,优惠券结算,交易成功优惠券支付金额结算
180406-506490934401569,2018/4/13 22:20,0,-2,优惠券结算,退款补用户优惠券
180406-506490934401569,2018/4/13 22:20,2,0,优惠券结算,交易成功优惠券支付金额结算
180406-316577559041565,2018/4/13 22:07,3,0,优惠券结算,交易成功优惠券支付金额结算
180408-497550570243356,2018/4/13 20:11,0.79,0,优惠券结算,交易成功优惠券支付金额结算
180406-375438118402835,2018/4/13 19:59,3,0,优惠券结算,交易成功优惠券支付金额结算
180405-544602397443440,2018/4/13 17:48,5,0,优惠券结算,交易成功优惠券支付金额结算
180329-331888878722940,2018/4/13 16:32,3,0,优惠券结算,交易成功优惠券支付金额结算
180329-312951166722129,2018/4/13 16:29,3,0,优惠券结算,交易成功优惠券支付金额结算
180409-527925687041958,2018/4/13 14:26,3,0,优惠券结算,交易成功优惠券支付金额结算
180410-314495804160129,2018/4/13 14:19,10,0,优惠券结算,交易成功优惠券支付金额结算
180406-490179628801216,2018/4/13 11:13,0,-3,优惠券结算,退款补用户优惠券
180406-490179628801216,2018/4/13 11:13,3,0,优惠券结算,交易成功优惠券支付金额结算
180410-237082494083662,2018/4/13 11:06,0.8,0,优惠券结算,交易成功优惠券支付金额结算
180407-102734672641222,2018/4/13 9:16,0,-3,优惠券结算,退款补用户优惠券
180407-102734672641222,2018/4/13 9:16,3,0,优惠券结算,交易成功优惠券支付金额结算
180405-251220652172276,2018/4/13 8:55,0,-10,优惠券结算,退款补用户优惠券
180405-251220652172276,2018/4/13 8:55,10,0,优惠券结算,交易成功优惠券支付金额结算
180405-359212597763413,2018/4/13 7:28,10,0,优惠券结算,交易成功优惠券支付金额结算
180409-464765331200101,2018/4/13 7:25,5.88,0,优惠券结算,交易成功优惠券支付金额结算
180404-394031752322539,2018/4/12 22:16,10,0,优惠券结算,交易成功优惠券支付金额结算
180407-312635297283133,2018/4/12 21:45,0,-0.68,优惠券结算,退款扣除优惠券支付金额
180407-312635297283133,2018/4/12 21:45,0.68,0,优惠券结算,交易成功优惠券支付金额结算
180406-487938256642770,2018/4/12 20:43,8.9,0,优惠券结算,交易成功优惠券支付金额结算
180407-355276097283825,2018/4/12 20:34,3,0,优惠券结算,交易成功优惠券支付金额结算
180404-456441592323762,2018/4/12 18:41,1,0,优惠券结算,交易成功优惠券支付金额结算
180408-542967196162265,2018/4/12 16:26,0.5,0,优惠券结算,交易成功优惠券支付金额结算
180405-517279399681307,2018/4/12 13:09,0,-3,优惠券结算,退款补用户优惠券
180405-517279399681307,2018/4/12 13:09,3,0,优惠券结算,交易成功优惠券支付金额结算
180406-386880152322093,2018/4/12 13:08,0,-3,优惠券结算,退款补用户优惠券
180406-386880152322093,2018/4/12 13:08,3,0,优惠券结算,交易成功优惠券支付金额结算
180405-276514860802006,2018/4/12 12:19,10,0,优惠券结算,交易成功优惠券支付金额结算
180407-262019013762348,2018/4/12 12:19,3,0,优惠券结算,交易成功优惠券支付金额结算
180406-499510951682317,2018/4/12 10:41,10,0,优惠券结算,交易成功优惠券支付金额结算
180407-311822087680221,2018/4/12 9:25,0.8,0,优惠券结算,交易成功优惠券支付金额结算
180404-457722996483932,2018/4/12 6:36,0.69,0,优惠券结算,交易成功优惠券支付金额结算
180408-539869278722506,2018/4/11 21:01,0.5,0,优惠券结算,交易成功优惠券支付金额结算
180408-513228741760731,2018/4/11 19:22,0.74,0,优惠券结算,交易成功优惠券支付金额结算
180407-395350280322802,2018/4/11 18:37,0.67,0,优惠券结算,交易成功优惠券支付金额结算
180407-518652321280532,2018/4/11 18:22,15.46,0,优惠券结算,交易成功优惠券支付金额结算
180402-541107453442297,2018/4/11 16:57,0,-0.8,优惠券结算,退款扣除优惠券支付金额
180402-541107453442297,2018/4/11 16:57,0.8,0,优惠券结算,交易成功优惠券支付金额结算
180407-261807024640940,2018/4/11 16:12,0,-5,优惠券结算,退款补用户优惠券
180407-261807024640940,2018/4/11 16:12,5,0,优惠券结算,交易成功优惠券支付金额结算
180407-360404877443890,2018/4/11 14:21,3,0,优惠券结算,交易成功优惠券支付金额结算
180407-497935050241349,2018/4/11 13:40,0,-3,优惠券结算,退款补用户优惠券
180407-497935050241349,2018/4/11 13:40,3,0,优惠券结算,交易成功优惠券支付金额结算
180406-431293750403083,2018/4/11 12:58,0,-0.5,优惠券结算,退款扣除优惠券支付金额
180406-431293750403083,2018/4/11 12:58,0.5,0,优惠券结算,交易成功优惠券支付金额结算
180403-525919548161349,2018/4/11 12:20,3,0,优惠券结算,交易成功优惠券支付金额结算
180408-273253507202081,2018/4/11 11:26,3,0,优惠券结算,交易成功优惠券支付金额结算
180407-282740232960770,2018/4/11 11:19,10,0,优惠券结算,交易成功优惠券支付金额结算
180405-526995296000655,2018/4/11 10:36,0.71,0,优惠券结算,交易成功优惠券支付金额结算
180405-507064600322878,2018/4/11 9:57,3,0,优惠券结算,交易成功优惠券支付金额结算
180406-485005678081766,2018/4/11 9:09,0,-3,优惠券结算,退款补用户优惠券
180406-485005678081766,2018/4/11 9:09,3,0,优惠券结算,交易成功优惠券支付金额结算
180402-330407104001215,2018/4/11 8:52,10,0,优惠券结算,交易成功优惠券支付金额结算
180404-481246051841553,2018/4/11 8:38,3,0,优惠券结算,交易成功优惠券支付金额结算
180406-228454357761929,2018/4/11 6:28,0.5,0,优惠券结算,交易成功优惠券支付金额结算
180403-261804613120675,2018/4/11 5:56,1.01,0,优惠券结算,交易成功优惠券支付金额结算
180408-125392714880796,2018/4/10 20:07,1.09,0,优惠券结算,交易成功优惠券支付金额结算
180406-500335051523266,2018/4/10 19:36,0.5,0,优惠券结算,交易成功优惠券支付金额结算
180407-535453458561494,2018/4/10 18:32,10,0,优惠券结算,交易成功优惠券支付金额结算
180403-290097282560992,2018/4/10 17:15,10,0,优惠券结算,交易成功优惠券支付金额结算
180406-444333249281474,2018/4/10 17:12,2,0,优惠券结算,交易成功优惠券支付金额结算
180407-395616167681251,2018/4/10 15:15,0,-1,优惠券结算,退款扣除优惠券支付金额
180407-395616167681251,2018/4/10 15:15,1,0,优惠券结算,交易成功优惠券支付金额结算
180406-307382336003507,2018/4/10 15:14,0,-0.65,优惠券结算,退款扣除优惠券支付金额
180406-307382336003507,2018/4/10 15:14,0.65,0,优惠券结算,交易成功优惠券支付金额结算
180402-328340806403047,2018/4/10 13:28,10,0,优惠券结算,交易成功优惠券支付金额结算
180406-444057833600107,2018/4/10 12:49,0,-3,优惠券结算,退款补用户优惠券
180406-444057833600107,2018/4/10 12:49,3,0,优惠券结算,交易成功优惠券支付金额结算
180408-301096394240837,2018/4/10 12:32,10,0,优惠券结算,交易成功优惠券支付金额结算
180402-450261173764090,2018/4/10 12:09,0,-0.6,优惠券结算,退款扣除优惠券支付金额
180402-450261173764090,2018/4/10 12:09,0.6,0,优惠券结算,交易成功优惠券支付金额结算
180406-363678118401943,2018/4/10 10:30,3,0,优惠券结算,交易成功优惠券支付金额结算
180410-289157420163975,2018/4/10 10:11,0,-10,优惠券结算,退款补用户优惠券
180410-289157420163975,2018/4/10 10:11,10,0,优惠券结算,交易成功优惠券支付金额结算
180406-216390059524022,2018/4/10 9:58,1.02,0,优惠券结算,交易成功优惠券支付金额结算
180406-389405258883437,2018/4/10 9:00,0,-0.74,优惠券结算,退款扣除优惠券支付金额
180406-389405258883437,2018/4/10 9:00,0.74,0,优惠券结算,交易成功优惠券支付金额结算
180408-332065226883437,2018/4/10 8:59,0,-0.66,优惠券结算,退款扣除优惠券支付金额
180408-332065226883437,2018/4/10 8:59,0.66,0,优惠券结算,交易成功优惠券支付金额结算
180406-458990056961273,2018/4/10 8:58,3,0,优惠券结算,交易成功优惠券支付金额结算
180409-530604117141811,2018/4/10 8:52,0,-0.5,优惠券结算,退款扣除优惠券支付金额
180409-530604117141811,2018/4/10 8:52,0.5,0,优惠券结算,交易成功优惠券支付金额结算
180405-383166333444014,2018/4/10 8:51,0,-0.64,优惠券结算,退款扣除优惠券支付金额
180405-383166333444014,2018/4/10 8:51,0.64,0,优惠券结算,交易成功优惠券支付金额结算
180408-340162020482444,2018/4/10 8:39,0.5,0,优惠券结算,交易成功优惠券支付金额结算
180405-208619933443478,2018/4/10 6:03,10,0,优惠券结算,交易成功优惠券支付金额结算
180407-258042970882379,2018/4/10 1:46,0.5,0,优惠券结算,交易成功优惠券支付金额结算
180406-277500577921435,2018/4/9 23:32,0.79,0,优惠券结算,交易成功优惠券支付金额结算
180407-337315361281798,2018/4/9 23:25,3,0,优惠券结算,交易成功优惠券支付金额结算
180406-245788029440498,2018/4/9 21:10,3,0,优惠券结算,交易成功优惠券支付金额结算
180407-313252575361202,2018/4/9 21:06,1,0,优惠券结算,交易成功优惠券支付金额结算
180403-487011203203909,2018/4/9 20:52,0.5,0,优惠券结算,交易成功优惠券支付金额结算
180404-309544887043519,2018/4/9 20:40,1,0,优惠券结算,交易成功优惠券支付金额结算
180406-484947576961070,2018/4/9 20:32,3,0,优惠券结算,交易成功优惠券支付金额结算
180407-229023080963805,2018/4/9 20:01,10,0,优惠券结算,交易成功优惠券支付金额结算
180407-470920554243079,2018/4/9 20:00,0.5,0,优惠券结算,交易成功优惠券支付金额结算
180407-470920554243079,2018/4/9 20:00,0,-0.5,优惠券结算,退款扣除优惠券支付金额
180405-267652678403630,2018/4/9 18:16,20,0,优惠券结算,交易成功优惠券支付金额结算
180406-353587290242835,2018/4/9 17:45,0.77,0,优惠券结算,交易成功优惠券支付金额结算
180406-482959521923125,2018/4/9 17:11,10,0,优惠券结算,交易成功优惠券支付金额结算
180406-488542232323763,2018/4/9 16:46,3,0,优惠券结算,交易成功优惠券支付金额结算
180405-471143912963968,2018/4/9 16:37,10,0,优惠券结算,交易成功优惠券支付金额结算
180407-254481077761671,2018/4/9 16:23,10,0,优惠券结算,交易成功优惠券支付金额结算
180404-540700777613154,2018/4/9 15:46,0,-0.5,优惠券结算,退款扣除优惠券支付金额
180404-540700777613154,2018/4/9 15:46,0.5,0,优惠券结算,交易成功优惠券支付金额结算
180404-522851664003154,2018/4/9 15:45,0,-0.5,优惠券结算,退款扣除优惠券支付金额
180404-522851664003154,2018/4/9 15:45,0.5,0,优惠券结算,交易成功优惠券支付金额结算
180407-235095647360602,2018/4/9 15:12,0,-0.5,优惠券结算,退款扣除优惠券支付金额
180407-235095647360602,2018/4/9 15:12,0.5,0,优惠券结算,交易成功优惠券支付金额结算
180407-273509486080195,2018/4/9 14:58,0.79,0,优惠券结算,交易成功优惠券支付金额结算
180406-457528522880388,2018/4/9 14:29,10,0,优惠券结算,交易成功优惠券支付金额结算
180406-535326160651172,2018/4/9 13:46,0.78,0,优惠券结算,交易成功优惠券支付金额结算
180407-491953180163259,2018/4/9 13:34,0,-1,优惠券结算,退款扣除优惠券支付金额
180407-491953180163259,2018/4/9 13:34,1,0,优惠券结算,交易成功优惠券支付金额结算
180405-333230983683982,2018/4/9 13:24,3,0,优惠券结算,交易成功优惠券支付金额结算
180406-497200090883244,2018/4/9 13:19,3,0,优惠券结算,交易成功优惠券支付金额结算
180406-317280657920315,2018/4/9 12:50,10,0,优惠券结算,交易成功优惠券支付金额结算
180405-506815644162436,2018/4/9 12:12,10,0,优惠券结算,交易成功优惠券支付金额结算
180406-328599079682139,2018/4/9 9:09,0,-0.5,优惠券结算,退款扣除优惠券支付金额
180406-328599079682139,2018/4/9 9:09,0.5,0,优惠券结算,交易成功优惠券支付金额结算
180403-268161406720872,2018/4/9 9:05,0.5,0,优惠券结算,交易成功优惠券支付金额结算
180403-268161406720872,2018/4/9 9:05,0,-0.5,优惠券结算,退款扣除优惠券支付金额
180406-436504849922504,2018/4/9 9:05,0,-5,优惠券结算,退款补用户优惠券
180406-436504849922504,2018/4/9 9:05,5,0,优惠券结算,交易成功优惠券支付金额结算
180403-454214270723841,2018/4/9 9:05,0,-3,优惠券结算,退款补用户优惠券
180403-454214270723841,2018/4/9 9:05,3,0,优惠券结算,交易成功优惠券支付金额结算
180403-240408046083554,2018/4/8 22:50,1.09,0,优惠券结算,交易成功优惠券支付金额结算
180404-314074616320344,2018/4/8 21:50,0.79,0,优惠券结算,交易成功优惠券支付金额结算
180404-422508389122030,2018/4/8 21:44,10,0,优惠券结算,交易成功优惠券支付金额结算
180405-312642178560668,2018/4/8 21:34,0.71,0,优惠券结算,交易成功优惠券支付金额结算
180405-522946864643834,2018/4/8 21:28,0.68,0,优惠券结算,交易成功优惠券支付金额结算
180403-301929669760280,2018/4/8 21:19,3,0,优惠券结算,交易成功优惠券支付金额结算
180329-412517364482276,2018/4/8 21:09,3,0,优惠券结算,交易成功优惠券支付金额结算
180405-360837250561073,2018/4/8 20:52,3,0,优惠券结算,交易成功优惠券支付金额结算
180404-503206752000236,2018/4/8 20:51,10,0,优惠券结算,交易成功优惠券支付金额结算
180405-503709872640344,2018/4/8 19:14,10,0,优惠券结算,交易成功优惠券支付金额结算
180406-225616514563221,2018/4/8 18:04,10,0,优惠券结算,交易成功优惠券支付金额结算
180403-388485333123721,2018/4/8 18:00,3,0,优惠券结算,交易成功优惠券支付金额结算
180405-506825020163920,2018/4/8 16:07,10,0,优惠券结算,交易成功优惠券支付金额结算
180405-215693381123478,2018/4/8 16:05,3,0,优惠券结算,交易成功优惠券支付金额结算
180405-215693381123478,2018/4/8 16:05,0,-3,优惠券结算,退款补用户优惠券
180407-248279227522134,2018/4/8 15:57,10,0,优惠券结算,交易成功优惠券支付金额结算
180404-506281526402625,2018/4/8 15:48,0,-0.69,优惠券结算,退款扣除优惠券支付金额
180404-506281526402625,2018/4/8 15:48,0.69,0,优惠券结算,交易成功优惠券支付金额结算
180405-380089009921207,2018/4/8 15:32,0.5,0,优惠券结算,交易成功优惠券支付金额结算
180405-429000625921669,2018/4/8 14:24,0,-0.71,优惠券结算,退款扣除优惠券支付金额
180405-429000625921669,2018/4/8 14:24,0.71,0,优惠券结算,交易成功优惠券支付金额结算
180406-258886755841431,2018/4/8 13:13,0.66,0,优惠券结算,交易成功优惠券支付金额结算
180404-229440049281860,2018/4/8 11:09,0,-0.75,优惠券结算,退款扣除优惠券支付金额
180404-229440049281860,2018/4/8 11:09,0.75,0,优惠券结算,交易成功优惠券支付金额结算
180404-492615795852178,2018/4/8 11:08,0,-0.76,优惠券结算,退款扣除优惠券支付金额
180404-492615795852178,2018/4/8 11:08,0.76,0,优惠券结算,交易成功优惠券支付金额结算
180402-386102014721150,2018/4/8 10:53,0.7,0,优惠券结算,交易成功优惠券支付金额结算
180407-268848817282642,2018/4/8 9:56,0,-0.79,优惠券结算,退款扣除优惠券支付金额
180407-268848817282642,2018/4/8 9:56,0.79,0,优惠券结算,交易成功优惠券支付金额结算
180405-399582549762331,2018/4/8 9:26,0,-0.71,优惠券结算,退款扣除优惠券支付金额
180405-399582549762331,2018/4/8 9:26,0.71,0,优惠券结算,交易成功优惠券支付金额结算
180405-314490294401031,2018/4/8 9:11,10,0,优惠券结算,交易成功优惠券支付金额结算
180405-309225746560430,2018/4/8 8:53,0,-0.5,优惠券结算,退款扣除优惠券支付金额
180405-309225746560430,2018/4/8 8:53,0.5,0,优惠券结算,交易成功优惠券支付金额结算
180401-404410970880396,2018/4/8 6:30,0.73,0,优惠券结算,交易成功优惠券支付金额结算
180405-289160240642355,2018/4/8 0:21,10,0,优惠券结算,交易成功优惠券支付金额结算
180405-261514606722688,2018/4/7 22:27,10,0,优惠券结算,交易成功优惠券支付金额结算
180405-247177491202857,2018/4/7 21:52,10,0,优惠券结算,交易成功优惠券支付金额结算
180403-530926144001842,2018/4/7 21:06,0,-0.63,优惠券结算,退款扣除优惠券支付金额
180403-530926144001842,2018/4/7 21:06,0.63,0,优惠券结算,交易成功优惠券支付金额结算
180404-388786803841781,2018/4/7 21:05,0,-10,优惠券结算,退款补用户优惠券
180404-388786803841781,2018/4/7 21:05,10,0,优惠券结算,交易成功优惠券支付金额结算
180407-455872079364041,2018/4/7 21:04,0,-3,优惠券结算,退款扣除优惠券支付金额
180407-455872079364041,2018/4/7 21:04,3,0,优惠券结算,交易成功优惠券支付金额结算
180404-313173834880984,2018/4/7 20:52,0.71,0,优惠券结算,交易成功优惠券支付金额结算
180406-454387893760421,2018/4/7 20:27,0,-3,优惠券结算,退款补用户优惠券
180406-454387893760421,2018/4/7 20:27,3,0,优惠券结算,交易成功优惠券支付金额结算
180407-473043643522434,2018/4/7 20:25,0,-3,优惠券结算,退款扣除优惠券支付金额
180407-473043643522434,2018/4/7 20:25,3,0,优惠券结算,交易成功优惠券支付金额结算
180404-404514316802101,2018/4/7 19:54,0.76,0,优惠券结算,交易成功优惠券支付金额结算
180405-268200466563031,2018/4/7 19:01,10,0,优惠券结算,交易成功优惠券支付金额结算
180403-451266993921933,2018/4/7 18:03,3,0,优惠券结算,交易成功优惠券支付金额结算
180404-323769885442676,2018/4/7 18:03,0,-0.5,优惠券结算,退款扣除优惠券支付金额
180404-323769885442676,2018/4/7 18:03,0.5,0,优惠券结算,交易成功优惠券支付金额结算
180405-230122837121971,2018/4/7 17:18,0.72,0,优惠券结算,交易成功优惠券支付金额结算
180407-394800397440906,2018/4/7 16:54,0,-0.77,优惠券结算,退款扣除优惠券支付金额
180407-394800397440906,2018/4/7 16:54,0.77,0,优惠券结算,交易成功优惠券支付金额结算
180404-497624610561654,2018/4/7 16:32,0.5,0,优惠券结算,交易成功优惠券支付金额结算
180330-516063112963529,2018/4/7 15:02,5,0,优惠券结算,交易成功优惠券支付金额结算
180405-235109343361223,2018/4/7 13:20,10,0,优惠券结算,交易成功优惠券支付金额结算
180403-515557932162749,2018/4/7 13:02,3,0,优惠券结算,交易成功优惠券支付金额结算
180403-234318877440307,2018/4/7 12:17,2.18,0,优惠券结算,交易成功优惠券支付金额结算
180402-427224788482384,2018/4/7 12:12,0.79,0,优惠券结算,交易成功优惠券支付金额结算
180404-387024980480369,2018/4/7 10:36,3,0,优惠券结算,交易成功优惠券支付金额结算
180401-435857084162749,2018/4/7 9:44,0.37,0,优惠券结算,交易成功优惠券支付金额结算
180405-332594384000590,2018/4/7 9:33,0,-0.76,优惠券结算,退款扣除优惠券支付金额
180405-332594384000590,2018/4/7 9:33,0.76,0,优惠券结算,交易成功优惠券支付金额结算
180404-339631388800354,2018/4/7 8:14,0,-0.75,优惠券结算,退款扣除优惠券支付金额
180404-339631388800354,2018/4/7 8:14,0.75,0,优惠券结算,交易成功优惠券支付金额结算
180402-459691825282674,2018/4/7 7:37,10,0,优惠券结算,交易成功优惠券支付金额结算
180407-234878656000602,2018/4/7 7:20,0,-0.5,优惠券结算,退款扣除优惠券支付金额
180407-234878656000602,2018/4/7 7:20,0.5,0,优惠券结算,交易成功优惠券支付金额结算
180403-414275628801740,2018/4/7 2:49,3,0,优惠券结算,交易成功优惠券支付金额结算
180403-256258972802846,2018/4/6 21:03,3,0,优惠券结算,交易成功优惠券支付金额结算
180402-317097976323885,2018/4/6 21:00,0.78,0,优惠券结算,交易成功优惠券支付金额结算
180403-262967964161855,2018/4/6 20:41,0.5,0,优惠券结算,交易成功优惠券支付金额结算
180404-343896583683857,2018/4/6 19:05,21.2,0,优惠券结算,交易成功优惠券支付金额结算
180403-490435213452373,2018/4/6 18:36,0,-0.68,优惠券结算,退款扣除优惠券支付金额
180403-490435213452373,2018/4/6 18:36,0.68,0,优惠券结算,交易成功优惠券支付金额结算
180403-106320360963685,2018/4/6 17:31,0.5,0,优惠券结算,交易成功优惠券支付金额结算
180403-375876207364007,2018/4/6 17:28,0.73,0,优惠券结算,交易成功优惠券支付金额结算
180403-360580303362476,2018/4/6 16:21,0.77,0,优惠券结算,交易成功优惠券支付金额结算
180402-476215544962694,2018/4/6 15:51,1.04,0,优惠券结算,交易成功优惠券支付金额结算
180402-313298808962716,2018/4/6 15:50,0.3,0,优惠券结算,交易成功优惠券支付金额结算
180404-269468859520744,2018/4/6 15:38,0.5,0,优惠券结算,交易成功优惠券支付金额结算
180404-277887889923131,2018/4/6 14:47,3,0,优惠券结算,交易成功优惠券支付金额结算
180403-484684727042059,2018/4/6 14:11,0.5,0,优惠券结算,交易成功优惠券支付金额结算
180402-324007058563805,2018/4/6 13:25,10,0,优惠券结算,交易成功优惠券支付金额结算
180401-331774630402345,2018/4/6 12:59,3,0,优惠券结算,交易成功优惠券支付金额结算
180404-275837928961106,2018/4/6 12:39,0.5,0,优惠券结算,交易成功优惠券支付金额结算
180403-242115295361789,2018/4/6 9:13,0,-0.69,优惠券结算,退款扣除优惠券支付金额
180403-242115295361789,2018/4/6 9:13,0.69,0,优惠券结算,交易成功优惠券支付金额结算
180402-279210653443966,2018/4/6 8:59,0.6,0,优惠券结算,交易成功优惠券支付金额结算
180401-511190817931365,2018/4/6 8:58,0.74,0,优惠券结算,交易成功优惠券支付金额结算
180403-239539679360053,2018/4/6 8:25,3,0,优惠券结算,交易成功优惠券支付金额结算
180403-154730883200175,2018/4/6 7:48,0.76,0,优惠券结算,交易成功优惠券支付金额结算
180402-241756316813989,2018/4/6 3:47,0.2,0,优惠券结算,交易成功优惠券支付金额结算
180402-432806219520947,2018/4/5 21:00,0.66,0,优惠券结算,交易成功优惠券支付金额结算
180402-479259498240255,2018/4/5 20:12,0.78,0,优惠券结算,交易成功优惠券支付金额结算
180402-380864867840195,2018/4/5 18:34,1.02,0,优惠券结算,交易成功优惠券支付金额结算
180401-513863545601164,2018/4/5 18:25,1,0,优惠券结算,交易成功优惠券支付金额结算
180402-484225600640748,2018/4/5 18:01,0.8,0,优惠券结算,交易成功优惠券支付金额结算
180402-542865969923210,2018/4/5 16:27,3,0,优惠券结算,交易成功优惠券支付金额结算
180404-425342170881657,2018/4/5 15:58,10,0,优惠券结算,交易成功优惠券支付金额结算
180402-445706064643203,2018/4/5 15:52,10,0,优惠券结算,交易成功优惠券支付金额结算
180403-307551352320182,2018/4/5 15:18,10,0,优惠券结算,交易成功优惠券支付金额结算
180403-272787700482686,2018/4/5 14:53,10,0,优惠券结算,交易成功优惠券支付金额结算
180402-411809349121386,2018/4/5 14:23,10,0,优惠券结算,交易成功优惠券支付金额结算
180402-345278855681944,2018/4/5 12:49,0.5,0,优惠券结算,交易成功优惠券支付金额结算
180402-491877685760476,2018/4/5 11:56,0.66,0,优惠券结算,交易成功优惠券支付金额结算
180403-206498322562346,2018/4/5 11:48,10,0,优惠券结算,交易成功优惠券支付金额结算
180403-238997522560947,2018/4/5 10:57,10,0,优惠券结算,交易成功优惠券支付金额结算
180404-262163361931699,2018/4/5 10:31,0,-0.76,优惠券结算,退款扣除优惠券支付金额
180404-262163361931699,2018/4/5 10:31,0.76,0,优惠券结算,交易成功优惠券支付金额结算
180402-304143184641310,2018/4/5 9:44,0.62,0,优惠券结算,交易成功优惠券支付金额结算
180402-312666689280316,2018/4/5 8:11,1.02,0,优惠券结算,交易成功优惠券支付金额结算
180331-304810704643285,2018/4/5 6:57,10,0,优惠券结算,交易成功优惠券支付金额结算
180404-480518105601236,2018/4/5 1:49,0,-0.75,优惠券结算,退款扣除优惠券支付金额
180404-480518105601236,2018/4/5 1:49,0.75,0,优惠券结算,交易成功优惠券支付金额结算
180401-418339627521835,2018/4/4 23:01,10,0,优惠券结算,交易成功优惠券支付金额结算
180401-502321610240841,2018/4/4 21:58,0.64,0,优惠券结算,交易成功优惠券支付金额结算
180401-502436631043097,2018/4/4 21:23,0.68,0,优惠券结算,交易成功优惠券支付金额结算
180404-489301742081250,2018/4/4 21:14,0,-3,优惠券结算,退款补用户优惠券
180404-489301742081250,2018/4/4 21:14,3,0,优惠券结算,交易成功优惠券支付金额结算
180402-281781132800662,2018/4/4 20:48,0.7,0,优惠券结算,交易成功优惠券支付金额结算
180402-323400250882804,2018/4/4 20:41,0.68,0,优惠券结算,交易成功优惠券支付金额结算
180401-470517579522512,2018/4/4 19:47,10,0,优惠券结算,交易成功优惠券支付金额结算
180401-524918255360696,2018/4/4 19:23,10,0,优惠券结算,交易成功优惠券支付金额结算
180401-463723431683343,2018/4/4 18:56,10,0,优惠券结算,交易成功优惠券支付金额结算
180402-391046188800635,2018/4/4 18:23,3,0,优惠券结算,交易成功优惠券支付金额结算
180331-417167430401575,2018/4/4 18:15,0.69,0,优惠券结算,交易成功优惠券支付金额结算
180331-437997273603427,2018/4/4 18:03,3,0,优惠券结算,交易成功优惠券支付金额结算
180402-284345105923125,2018/4/4 17:07,10,0,优惠券结算,交易成功优惠券支付金额结算
180401-395213720322851,2018/4/4 16:07,0.5,0,优惠券结算,交易成功优惠券支付金额结算
180331-304428751361044,2018/4/4 14:33,10,0,优惠券结算,交易成功优惠券支付金额结算
180402-427156042240116,2018/4/4 13:57,0,-0.8,优惠券结算,退款扣除优惠券支付金额
180402-427156042240116,2018/4/4 13:57,0.8,0,优惠券结算,交易成功优惠券支付金额结算
180401-529829267201475,2018/4/4 13:07,10,0,优惠券结算,交易成功优惠券支付金额结算
180402-303863181441202,2018/4/4 12:26,10,0,优惠券结算,交易成功优惠券支付金额结算
180403-348072353282676,2018/4/4 12:04,0,-0.5,优惠券结算,退款扣除优惠券支付金额
180403-348072353282676,2018/4/4 12:04,0.5,0,优惠券结算,交易成功优惠券支付金额结算
180404-243626575363499,2018/4/4 8:14,0,-0.78,优惠券结算,退款扣除优惠券支付金额
180404-243626575363499,2018/4/4 8:14,0.78,0,优惠券结算,交易成功优惠券支付金额结算
180330-272298986242524,2018/4/4 7:36,3,0,优惠券结算,交易成功优惠券支付金额结算
180402-446412465921003,2018/4/4 6:47,0,-10,优惠券结算,退款补用户优惠券
180402-446412465921003,2018/4/4 6:47,10,0,优惠券结算,交易成功优惠券支付金额结算
180329-316723598080160,2018/4/3 22:52,3,0,优惠券结算,交易成功优惠券支付金额结算
180331-402601572482452,2018/4/3 20:39,0.78,0,优惠券结算,交易成功优惠券支付金额结算
180401-238345562883792,2018/4/3 20:31,10,0,优惠券结算,交易成功优惠券支付金额结算
180331-299593029770735,2018/4/3 14:50,0.5,0,优惠券结算,交易成功优惠券支付金额结算
180331-322186903682065,2018/4/2 18:48,3,0,优惠券结算,交易成功优惠券支付金额结算
180329-422309896320015,2018/4/2 14:50,0.77,0,优惠券结算,交易成功优惠券支付金额结算
180330-540011061763048,2018/4/2 13:39,0.82,0,优惠券结算,交易成功优惠券支付金额结算
180329-322642005762709,2018/4/2 11:54,3,0,优惠券结算,交易成功优惠券支付金额结算
180329-448491748480107,2018/4/2 11:40,10,0,优惠券结算,交易成功优惠券支付金额结算
180329-392246967042503,2018/4/2 4:49,3,0,优惠券结算,交易成功优惠券支付金额结算
180330-301362045442708,2018/4/1 23:44,11.04,0,优惠券结算,交易成功优惠券支付金额结算
180329-410217460481679,2018/4/1 19:54,0.72,0,优惠券结算,交易成功优惠券支付金额结算
180330-281579395201077,2018/4/1 18:46,1.54,0,优惠券结算,交易成功优惠券支付金额结算
180331-478071002242505,2018/4/1 14:55,0,-10,优惠券结算,退款补用户优惠券
180331-478071002242505,2018/4/1 14:55,10,0,优惠券结算,交易成功优惠券支付金额结算
180401-206433130240504,2018/4/1 7:08,0,-0.33,优惠券结算,退款扣除优惠券支付金额
180401-206433130240504,2018/4/1 7:08,0.33,0,优惠券结算,交易成功优惠券支付金额结算
180329-329443156481437,2018/3/31 21:38,3,0,优惠券结算,交易成功优惠券支付金额结算
180330-347289515520183,2018/3/31 13:08,0,-3,优惠券结算,退款补用户优惠券
180330-347289515520183,2018/3/31 13:08,3,0,优惠券结算,交易成功优惠券支付金额结算
180326-322685468801438,2018/3/29 11:33,10,0,优惠券结算,交易成功优惠券支付金额结算
180326-321788659842550,2018/3/29 11:32,10,0,优惠券结算,交易成功优惠券支付金额结算
180326-320699123200284,2018/3/29 11:30,10,0,优惠券结算,交易成功优惠券支付金额结算
180322-463804065281714,2018/3/26 16:43,10,0,优惠券结算,交易成功优惠券支付金额结算
180507-387116622721582,2018/5/11 13:44,10,0,优惠券结算,交易成功优惠券支付金额结算
180504-528042943363247,2018/5/11 13:43,0.5,0,优惠券结算,交易成功优惠券支付金额结算
180508-485448454401968,2018/5/11 12:57,3,0,优惠券结算,交易成功优惠券支付金额结算
180506-344913643523522,2018/5/11 12:32,1,0,优惠券结算,交易成功优惠券支付金额结算
180509-275439479681824,2018/5/11 12:25,10,0,优惠券结算,交易成功优惠券支付金额结算
180508-214013170563637,2018/5/11 11:33,0.5,0,优惠券结算,交易成功优惠券支付金额结算
180507-354178206723666,2018/5/11 10:46,10,0,优惠券结算,交易成功优惠券支付金额结算
180508-541511362563463,2018/5/11 10:43,1,0,优惠券结算,交易成功优惠券支付金额结算
180502-395886711042444,2018/5/11 9:38,3,0,优惠券结算,交易成功优惠券支付金额结算
180506-503922037760982,2018/5/11 9:23,0.5,0,优惠券结算,交易成功优惠券支付金额结算
180507-397203677443961,2018/5/11 9:01,3,0,优惠券结算,交易成功优惠券支付金额结算
180502-358598108161732,2018/5/11 8:54,10,0,优惠券结算,交易成功优惠券支付金额结算
180430-501680918401005,2018/5/11 8:49,5,0,优惠券结算,交易成功优惠券支付金额结算
180428-272857115521986,2018/5/11 8:08,10,0,优惠券结算,交易成功优惠券支付金额结算
180505-386213408003948,2018/5/11 7:55,21.9,0,优惠券结算,交易成功优惠券支付金额结算
180502-365527993602907,2018/5/11 6:06,10,0,优惠券结算,交易成功优惠券支付金额结算
180507-128549479681683,2018/5/11 0:54,3,0,优惠券结算,交易成功优惠券支付金额结算
180506-498935029762539,2018/5/10 23:22,10,0,优惠券结算,交易成功优惠券支付金额结算
180504-376866776962967,2018/5/10 22:35,0.68,0,优惠券结算,交易成功优惠券支付金额结算
180505-431794950402719,2018/5/10 22:15,3,0,优惠券结算,交易成功优惠券支付金额结算
180502-328332970242748,2018/5/10 22:10,3,0,优惠券结算,交易成功优惠券支付金额结算
180507-492366433282873,2018/5/10 22:09,10,0,优惠券结算,交易成功优惠券支付金额结算
180508-498889058561402,2018/5/10 22:06,10,0,优惠券结算,交易成功优惠券支付金额结算
180507-520525994882839,2018/5/10 21:58,1.59,0,优惠券结算,交易成功优惠券支付金额结算
180507-364662278402830,2018/5/10 21:25,10,0,优惠券结算,交易成功优惠券支付金额结算
180417-519462965760074,2018/5/10 20:42,10,0,优惠券结算,交易成功优惠券支付金额结算
180506-486211799043681,2018/5/10 20:14,0.5,0,优惠券结算,交易成功优惠券支付金额结算
180507-333000673282244,2018/5/10 19:30,10,0,优惠券结算,交易成功优惠券支付金额结算
180507-307504957443249,2018/5/10 18:58,0.5,0,优惠券结算,交易成功优惠券支付金额结算
180504-435629834241758,2018/5/10 18:52,9.9,0,优惠券结算,交易成功优惠券支付金额结算
180505-443084438403214,2018/5/10 18:02,18.89,0,优惠券结算,交易成功优惠券支付金额结算
180506-354846382082452,2018/5/10 17:37,5,0,优惠券结算,交易成功优惠券支付金额结算
180507-331008053123943,2018/5/10 17:26,4,0,优惠券结算,交易成功优惠券支付金额结算
180505-412879600642006,2018/5/10 17:13,10,0,优惠券结算,交易成功优惠券支付金额结算
180423-450221404160752,2018/5/10 16:43,10,0,优惠券结算,交易成功优惠券支付金额结算
180423-243399732481658,2018/5/10 16:43,10,0,优惠券结算,交易成功优惠券支付金额结算
180423-292156524803586,2018/5/10 16:43,10,0,优惠券结算,交易成功优惠券支付金额结算
180422-513781104651810,2018/5/10 16:43,3,0,优惠券结算,交易成功优惠券支付金额结算
180423-240468168963499,2018/5/10 16:43,0.71,0,优惠券结算,交易成功优惠券支付金额结算
180422-453421406080916,2018/5/10 16:43,10,0,优惠券结算,交易成功优惠券支付金额结算
180422-502095943683490,2018/5/10 16:43,0.77,0,优惠券结算,交易成功优惠券支付金额结算
180423-345498388481983,2018/5/10 16:43,10,0,优惠券结算,交易成功优惠券支付金额结算
180422-513962487051968,2018/5/10 16:43,3,0,优惠券结算,交易成功优惠券支付金额结算
180422-458278314242021,2018/5/10 16:43,10,0,优惠券结算,交易成功优惠券支付金额结算
180423-280709761282510,2018/5/10 16:43,0.5,0,优惠券结算,交易成功优惠券支付金额结算
180423-361410536320607,2018/5/10 16:43,1.05,0,优惠券结算,交易成功优惠券支付金额结算
180423-227058401280849,2018/5/10 16:43,10,0,优惠券结算,交易成功优惠券支付金额结算
180425-337078241280555,2018/5/10 16:43,10,0,优惠券结算,交易成功优惠券支付金额结算
180422-388664750092860,2018/5/10 16:43,10,0,优惠券结算,交易成功优惠券支付金额结算
180423-256848081922257,2018/5/10 16:43,5.88,0,优惠券结算,交易成功优惠券支付金额结算
180423-346998268162389,2018/5/10 16:43,0.15,0,优惠券结算,交易成功优惠券支付金额结算
180422-471406602241960,2018/5/10 16:42,0.5,0,优惠券结算,交易成功优惠券支付金额结算
180423-233363324802018,2018/5/10 16:42,3,0,优惠券结算,交易成功优惠券支付金额结算
180422-529528009600186,2018/5/10 16:42,1.06,0,优惠券结算,交易成功优惠券支付金额结算
180405-346712225281191,2018/5/10 16:42,3,0,优惠券结算,交易成功优惠券支付金额结算
180422-452657172480241,2018/5/10 16:42,5,0,优惠券结算,交易成功优惠券支付金额结算
180422-479752642570818,2018/5/10 16:42,0.5,0,优惠券结算,交易成功优惠券支付金额结算
180406-501394231042932,2018/5/10 16:42,10,0,优惠券结算,交易成功优惠券支付金额结算
180422-358107868162953,2018/5/10 16:42,0.69,0,优惠券结算,交易成功优惠券支付金额结算
180406-478306988803275,2018/5/10 16:42,0.5,0,优惠券结算,交易成功优惠券支付金额结算
180422-400247932803644,2018/5/10 16:42,52.9,0,优惠券结算,交易成功优惠券支付金额结算
180507-216220673922904,2018/5/10 16:28,10,0,优惠券结算,交易成功优惠券支付金额结算
180507-403191244801588,2018/5/10 16:04,0.5,0,优惠券结算,交易成功优惠券支付金额结算
180425-311097008001718,2018/5/10 15:44,5,0,优惠券结算,交易成功优惠券支付金额结算
180502-511882928010348,2018/5/10 15:35,5,0,优惠券结算,交易成功优惠券支付金额结算
180430-384565053442523,2018/5/10 15:23,0.62,0,优惠券结算,交易成功优惠券支付金额结算
180510-312952823682835,2018/5/10 15:19,0,-5,优惠券结算,退款补用户优惠券
180510-312952823682835,2018/5/10 15:19,5,0,优惠券结算,交易成功优惠券支付金额结算
180506-406583266563036,2018/5/10 15:10,0.5,0,优惠券结算,交易成功优惠券支付金额结算
180507-379598929931951,2018/5/10 15:06,10,0,优惠券结算,交易成功优惠券支付金额结算
180507-395038407680063,2018/5/10 14:15,0.5,0,优惠券结算,交易成功优惠券支付金额结算
180507-513926893441829,2018/5/10 13:46,4,0,优惠券结算,交易成功优惠券支付金额结算
180506-267583576322783,2018/5/10 13:39,1,0,优惠券结算,交易成功优惠券支付金额结算
180507-296549498880418,2018/5/10 13:38,4,0,优惠券结算,交易成功优惠券支付金额结算
180506-531864071041757,2018/5/10 12:59,10,0,优惠券结算,交易成功优惠券支付金额结算
180505-285141744643284,2018/5/10 12:40,10,0,优惠券结算,交易成功优惠券支付金额结算
180507-367522160642449,2018/5/10 12:38,0.5,0,优惠券结算,交易成功优惠券支付金额结算
180507-227948110720312,2018/5/10 12:10,10,0,优惠券结算,交易成功优惠券支付金额结算
180506-431122863361368,2018/5/10 11:52,10,0,优惠券结算,交易成功优惠券支付金额结算
180505-383926010883015,2018/5/10 11:30,5,0,优惠券结算,交易成功优惠券支付金额结算
180430-450433438721563,2018/5/10 11:09,10,0,优惠券结算,交易成功优惠券支付金额结算
180507-397103760642287,2018/5/10 11:08,0.64,0,优惠券结算,交易成功优惠券支付金额结算
180503-257904943360808,2018/5/10 11:02,10,0,优惠券结算,交易成功优惠券支付金额结算
180503-474997249280999,2018/5/10 10:28,0.62,0,优惠券结算,交易成功优惠券支付金额结算
180505-427334862721275,2018/5/10 10:16,16.5,0,优惠券结算,交易成功优惠券支付金额结算
180505-285975235840373,2018/5/10 8:14,10,0,优惠券结算,交易成功优惠券支付金额结算
180506-409124419840500,2018/5/10 6:33,4,0,优惠券结算,交易成功优惠券支付金额结算
180507-135213470723612,2018/5/10 0:08,10,0,优惠券结算,交易成功优惠券支付金额结算
180506-532903850241045,2018/5/9 23:21,0.5,0,优惠券结算,交易成功优惠券支付金额结算
180502-434698753282717,2018/5/9 23:18,10,0,优惠券结算,交易成功优惠券支付金额结算
180505-229892117760810,2018/5/9 22:52,0.5,0,优惠券结算,交易成功优惠券支付金额结算
180505-433466026882878,2018/5/9 22:47,0.72,0,优惠券结算,交易成功优惠券支付金额结算
180504-433890326411044,2018/5/9 21:06,0.5,0,优惠券结算,交易成功优惠券支付金额结算
180503-441204721922346,2018/5/9 20:56,0.5,0,优惠券结算,交易成功优惠券支付金额结算
180505-489955083521062,2018/5/9 20:51,3.04,0,优惠券结算,交易成功优惠券支付金额结算
180506-415110420482069,2018/5/9 20:45,0.5,0,优惠券结算,交易成功优惠券支付金额结算
180506-296787427201314,2018/5/9 20:39,10,0,优惠券结算,交易成功优惠券支付金额结算
180506-373873792003906,2018/5/9 20:28,0.5,0,优惠券结算,交易成功优惠券支付金额结算
180505-139729793920588,2018/5/9 20:00,10,0,优惠券结算,交易成功优惠券支付金额结算
180506-500205195520291,2018/5/9 19:06,3.5,0,优惠券结算,交易成功优惠券支付金额结算
180422-527681619200635,2018/5/9 18:18,10,0,优惠券结算,交易成功优惠券支付金额结算
180423-285638394883678,2018/5/9 18:18,0.5,0,优惠券结算,交易成功优惠券支付金额结算
180418-393304280961110,2018/5/9 18:18,10,0,优惠券结算,交易成功优惠券支付金额结算
180423-353344396161101,2018/5/9 18:18,10,0,优惠券结算,交易成功优惠券支付金额结算
180422-530261719053668,2018/5/9 18:18,10,0,优惠券结算,交易成功优惠券支付金额结算
180407-487400595201079,2018/5/9 18:18,10,0,优惠券结算,交易成功优惠券支付金额结算
180407-282220399363129,2018/5/9 18:18,3,0,优惠券结算,交易成功优惠券支付金额结算
180423-286820860800576,2018/5/9 18:18,10,0,优惠券结算,交易成功优惠券支付金额结算
180407-424994963203613,2018/5/9 18:18,0.5,0,优惠券结算,交易成功优惠券支付金额结算
180406-371219269120541,2018/5/9 18:18,3,0,优惠券结算,交易成功优惠券支付金额结算
180405-523641271044094,2018/5/9 18:18,0.64,0,优惠券结算,交易成功优惠券支付金额结算
180406-496107150082041,2018/5/9 18:18,0.5,0,优惠券结算,交易成功优惠券支付金额结算
180423-237262475520501,2018/5/9 18:17,0.5,0,优惠券结算,交易成功优惠券支付金额结算
180406-441791778561013,2018/5/9 18:17,0.5,0,优惠券结算,交易成功优惠券支付金额结算
180413-257760899851504,2018/5/9 18:17,0.5,0,优惠券结算,交易成功优惠券支付金额结算
180405-432172572160967,2018/5/9 18:17,3,0,优惠券结算,交易成功优惠券支付金额结算
180406-534582639364027,2018/5/9 18:17,0.79,0,优惠券结算,交易成功优惠券支付金额结算
180404-496355955200949,2018/5/9 18:17,10,0,优惠券结算,交易成功优惠券支付金额结算
180405-523312899201951,2018/5/9 18:17,1,0,优惠券结算,交易成功优惠券支付金额结算
180407-489285265922458,2018/5/9 18:17,3,0,优惠券结算,交易成功优惠券支付金额结算
180407-481779914242466,2018/5/9 18:17,3,0,优惠券结算,交易成功优惠券支付金额结算
180420-493971073280413,2018/5/9 18:17,0.5,0,优惠券结算,交易成功优惠券支付金额结算
180407-479574254721935,2018/5/9 18:17,0.5,0,优惠券结算,交易成功优惠券支付金额结算
180422-441625596803974,2018/5/9 18:17,10,0,优惠券结算,交易成功优惠券支付金额结算
180404-265724485120902,2018/5/9 18:17,2,0,优惠券结算,交易成功优惠券支付金额结算
180418-496601198080914,2018/5/9 18:17,3,0,优惠券结算,交易成功优惠券支付金额结算
180422-492488280322966,2018/5/9 18:17,10,0,优惠券结算,交易成功优惠券支付金额结算
180406-360120194562935,2018/5/9 18:17,3,0,优惠券结算,交易成功优惠券支付金额结算
180418-403014007681919,2018/5/9 18:17,0.5,0,优惠券结算,交易成功优惠券支付金额结算
180420-220135239683442,2018/5/9 18:17,3,0,优惠券结算,交易成功优惠券支付金额结算
180419-515994168962940,2018/5/9 18:17,10,0,优惠券结算,交易成功优惠券支付金额结算
180422-506085877762921,2018/5/9 18:17,10,0,优惠券结算,交易成功优惠券支付金额结算
180405-330924352650349,2018/5/9 18:17,0.5,0,优惠券结算,交易成功优惠券支付金额结算
180407-425244449280348,2018/5/9 18:17,0.5,0,优惠券结算,交易成功优惠券支付金额结算
180422-492121913600854,2018/5/9 18:17,10,0,优惠券结算,交易成功优惠券支付金额结算
180405-345273326732897,2018/5/9 18:17,3,0,优惠券结算,交易成功优惠券支付金额结算
180413-390636382721865,2018/5/9 18:17,3,0,优惠券结算,交易成功优惠券支付金额结算
180422-518115758081876,2018/5/9 18:17,10,0,优惠券结算,交易成功优惠券支付金额结算
180422-335136583683383,2018/5/9 18:17,0.5,0,优惠券结算,交易成功优惠券支付金额结算
180422-479204967682870,2018/5/9 18:17,10,0,优惠券结算,交易成功优惠券支付金额结算
180418-327204748803888,2018/5/9 18:17,10,0,优惠券结算,交易成功优惠券支付金额结算
180419-348932943363371,2018/5/9 18:17,10,0,优惠券结算,交易成功优惠券支付金额结算
180419-468851350402855,2018/5/9 18:17,3,0,优惠券结算,交易成功优惠券支付金额结算
180423-230360852482842,2018/5/9 18:17,10,0,优惠券结算,交易成功优惠券支付金额结算
180407-388350790403862,2018/5/9 18:17,1,0,优惠券结算,交易成功优惠券支付金额结算
180418-321324216960793,2018/5/9 18:17,20,0,优惠券结算,交易成功优惠券支付金额结算
180420-221858754561833,2018/5/9 18:17,10,0,优惠券结算,交易成功优惠券支付金额结算
180403-308927056640793,2018/5/9 18:17,1,0,优惠券结算,交易成功优惠券支付金额结算
180406-478578828802340,2018/5/9 18:17,3,0,优惠券结算,交易成功优惠券支付金额结算
180403-457199618563843,2018/5/9 18:17,0.5,0,优惠券结算,交易成功优惠券支付金额结算
180405-418755888642823,2018/5/9 18:17,3,0,优惠券结算,交易成功优惠券支付金额结算
180418-406138656640266,2018/5/9 18:17,3,0,优惠券结算,交易成功优惠券支付金额结算
180422-348617571200770,2018/5/9 18:17,10,0,优惠券结算,交易成功优惠券支付金额结算
180407-387665032963842,2018/5/9 18:17,3,0,优惠券结算,交易成功优惠券支付金额结算
180405-501992037130256,2018/5/9 18:17,3,0,优惠券结算,交易成功优惠券支付金额结算
180423-239830642561269,2018/5/9 18:17,10,0,优惠券结算,交易成功优惠券支付金额结算
180418-482275621762804,2018/5/9 18:17,5,0,优惠券结算,交易成功优惠券支付金额结算
180407-263254357761757,2018/5/9 18:17,1.16,0,优惠券结算,交易成功优惠券支付金额结算
180416-426583779200229,2018/5/9 18:17,0.68,0,优惠券结算,交易成功优惠券支付金额结算
180407-494715205133274,2018/5/9 18:17,10,0,优惠券结算,交易成功优惠券支付金额结算
180410-507298338560711,2018/5/9 18:17,3,0,优惠券结算,交易成功优惠券支付金额结算
180419-532706915842246,2018/5/9 18:17,10,0,优惠券结算,交易成功优惠券支付金额结算
180406-482463363200702,2018/5/9 18:17,0.5,0,优惠券结算,交易成功优惠券支付金额结算
180403-252196800000702,2018/5/9 18:17,1,0,优惠券结算,交易成功优惠券支付金额结算
180406-512728917123781,2018/5/9 18:17,10,0,优惠券结算,交易成功优惠券支付金额结算
180418-504860956161716,2018/5/9 18:17,10,0,优惠券结算,交易成功优惠券支付金额结算
180406-288954095360192,2018/5/9 18:17,0.5,0,优惠券结算,交易成功优惠券支付金额结算
180412-335170183681181,2018/5/9 18:17,5,0,优惠券结算,交易成功优惠券支付金额结算
180418-393241258882204,2018/5/9 18:17,0.2,0,优惠券结算,交易成功优惠券支付金额结算
180407-470605157122204,2018/5/9 18:17,10,0,优惠券结算,交易成功优惠券支付金额结算
180405-300778135680668,2018/5/9 18:17,0.5,0,优惠券结算,交易成功优惠券支付金额结算
180416-419398423040676,2018/5/9 18:17,0.69,0,优惠券结算,交易成功优惠券支付金额结算
180419-360128830093734,2018/5/9 18:17,3,0,优惠券结算,交易成功优惠券支付金额结算
180406-435606316161165,2018/5/9 18:17,3,0,优惠券结算,交易成功优惠券支付金额结算
180407-308802215680153,2018/5/9 18:17,1,0,优惠券结算,交易成功优惠券支付金额结算
180406-448741460482709,2018/5/9 18:17,3,0,优惠券结算,交易成功优惠券支付金额结算
180407-456557360640649,2018/5/9 18:17,3,0,优惠券结算,交易成功优惠券支付金额结算
180406-106440189443204,2018/5/9 18:17,0.5,0,优惠券结算,交易成功优惠券支付金额结算
180407-270169996801143,2018/5/9 18:17,3,0,优惠券结算,交易成功优惠券支付金额结算
180407-399187459200638,2018/5/9 18:17,1,0,优惠券结算,交易成功优惠券支付金额结算
180405-491387006722689,2018/5/9 18:17,10,0,优惠券结算,交易成功优惠券支付金额结算
180405-531414556162165,2018/5/9 18:17,0.5,0,优惠券结算,交易成功优惠券支付金额结算
180419-477874874882680,2018/5/9 18:17,10,0,优惠券结算,交易成功优惠券支付金额结算
180407-265584965762672,2018/5/9 18:17,3,0,优惠券结算,交易成功优惠券支付金额结算
180407-476375313920628,2018/5/9 18:17,3,0,优惠券结算,交易成功优惠券支付金额结算
180404-406348510722164,2018/5/9 18:17,1.39,0,优惠券结算,交易成功优惠券支付金额结算
180406-492573672962154,2018/5/9 18:17,10,0,优惠券结算,交易成功优惠券支付金额结算
180418-477951162250601,2018/5/9 18:17,3,0,优惠券结算,交易成功优惠券支付金额结算
180412-255859960323671,2018/5/9 18:17,0.63,0,优惠券结算,交易成功优惠券支付金额结算
180407-186348859522129,2018/5/9 18:17,1,0,优惠券结算,交易成功优惠券支付金额结算
180406-448967907843144,2018/5/9 18:17,3,0,优惠券结算,交易成功优惠券支付金额结算
180405-279085964801086,2018/5/9 18:17,10,0,优惠券结算,交易成功优惠券支付金额结算
180413-279403205763642,2018/5/9 18:17,0.5,0,优惠券结算,交易成功优惠券支付金额结算
180407-380452842240564,2018/5/9 18:17,3,0,优惠券结算,交易成功优惠券支付金额结算
180405-245643370242594,2018/5/9 18:17,0.5,0,优惠券结算,交易成功优惠券支付金额结算
180407-491096784002075,2018/5/9 18:17,3,0,优惠券结算,交易成功优惠券支付金额结算
180403-484802040321555,2018/5/9 18:17,3,0,优惠券结算,交易成功优惠券支付金额结算
180407-301248167682078,2018/5/9 18:17,3,0,优惠券结算,交易成功优惠券支付金额结算
180406-535692639362588,2018/5/9 18:17,0.8,0,优惠券结算,交易成功优惠券支付金额结算
180407-493721445122060,2018/5/9 18:17,20,0,优惠券结算,交易成功优惠券支付金额结算
180405-465120413451537,2018/5/9 18:17,10,0,优惠券结算,交易成功优惠券支付金额结算
180403-492833068802026,2018/5/9 18:16,0.5,0,优惠券结算,交易成功优惠券支付金额结算
180402-538288597764069,2018/5/9 18:16,0.5,0,优惠券结算,交易成功优惠券支付金额结算
180405-408799490560993,2018/5/9 18:16,0.64,0,优惠券结算,交易成功优惠券支付金额结算
180406-491873135360455,2018/5/9 18:16,5,0,优惠券结算,交易成功优惠券支付金额结算
180407-304400254720445,2018/5/9 18:16,3,0,优惠券结算,交易成功优惠券支付金额结算
180405-315321546243525,2018/5/9 18:16,0.5,0,优惠券结算,交易成功优惠券支付金额结算
180404-508850280961984,2018/5/9 18:16,3,0,优惠券结算,交易成功优惠券支付金额结算
180404-345977392642504,2018/5/9 18:16,3,0,优惠券结算,交易成功优惠券支付金额结算
180404-238794309122488,2018/5/9 18:16,0.76,0,优惠券结算,交易成功优惠券支付金额结算
180404-379810132481958,2018/5/9 18:16,3,0,优惠券结算,交易成功优惠券支付金额结算
180407-232384986882480,2018/5/9 18:16,3,0,优惠券结算,交易成功优惠券支付金额结算
180401-147720773760398,2018/5/9 18:16,2.99,0,优惠券结算,交易成功优惠券支付金额结算
180405-519242939523481,2018/5/9 18:16,0.61,0,优惠券结算,交易成功优惠券支付金额结算
180422-336953109762923,2018/5/9 18:16,10,0,优惠券结算,交易成功优惠券支付金额结算
180405-246978368643941,2018/5/9 18:16,0.5,0,优惠券结算,交易成功优惠券支付金额结算
180406-383803968641892,2018/5/9 18:16,0.8,0,优惠券结算,交易成功优惠券支付金额结算
180405-378623449603944,2018/5/9 18:16,3,0,优惠券结算,交易成功优惠券支付金额结算
180406-382200672001892,2018/5/9 18:16,0.65,0,优惠券结算,交易成功优惠券支付金额结算
180405-318339966082908,2018/5/9 18:16,10,0,优惠券结算,交易成功优惠券支付金额结算
180422-343092761602907,2018/5/9 18:16,10,0,优惠券结算,交易成功优惠券支付金额结算
180404-257706637440343,2018/5/9 18:16,0.76,0,优惠券结算,交易成功优惠券支付金额结算
180403-470312753280825,2018/5/9 18:16,10,0,优惠券结算,交易成功优惠券支付金额结算
180406-233441488643901,2018/5/9 18:16,3,0,优惠券结算,交易成功优惠券支付金额结算
180403-457888167041344,2018/5/9 18:16,0.76,0,优惠券结算,交易成功优惠券支付金额结算
180405-499930499842351,2018/5/9 18:16,3,0,优惠券结算,交易成功优惠券支付金额结算
180402-505594621442337,2018/5/9 18:16,5,0,优惠券结算,交易成功优惠券支付金额结算
180405-525479344643347,2018/5/9 18:16,3,0,优惠券结算,交易成功优惠券支付金额结算
180403-270351675522838,2018/5/9 18:16,0.71,0,优惠券结算,交易成功优惠券支付金额结算
180421-534351243522333,2018/5/9 18:16,5,0,优惠券结算,交易成功优惠券支付金额结算
180406-250981788802832,2018/5/9 18:16,1.04,0,优惠券结算,交易成功优惠券支付金额结算
180404-274934705283300,2018/5/9 18:16,3,0,优惠券结算,交易成功优惠券支付金额结算
180404-428404094081249,2018/5/9 18:16,3,0,优惠券结算,交易成功优惠券支付金额结算
180405-227376760322764,2018/5/9 18:16,3,0,优惠券结算,交易成功优惠券支付金额结算
180405-317979968641186,2018/5/9 18:16,0.67,0,优惠券结算,交易成功优惠券支付金额结算
180405-462379989120178,2018/5/9 18:16,5,0,优惠券结算,交易成功优惠券支付金额结算
180405-460767517450178,2018/5/9 18:16,10,0,优惠券结算,交易成功优惠券支付金额结算
180405-212033251841204,2018/5/9 18:16,3,0,优惠券结算,交易成功优惠券支付金额结算
180404-519468276481182,2018/5/9 18:16,3,0,优惠券结算,交易成功优惠券支付金额结算
180403-214609806082611,2018/5/9 18:16,3,0,优惠券结算,交易成功优惠券支付金额结算
180403-324599330560549,2018/5/9 18:16,3,0,优惠券结算,交易成功优惠券支付金额结算
180404-240108009603108,2018/5/9 18:16,0.5,0,优惠券结算,交易成功优惠券支付金额结算
180402-403917187843096,2018/5/9 18:15,5,0,优惠券结算,交易成功优惠券支付金额结算
180504-335064117120544,2018/5/9 18:07,4.6,0,优惠券结算,交易成功优惠券支付金额结算
180504-328223033601522,2018/5/9 18:05,0.69,0,优惠券结算,交易成功优惠券支付金额结算
180506-296086344964045,2018/5/9 17:54,10,0,优惠券结算,交易成功优惠券支付金额结算
180427-491195320321290,2018/5/9 17:53,10,0,优惠券结算,交易成功优惠券支付金额结算
180507-279289130242489,2018/5/9 17:47,10,0,优惠券结算,交易成功优惠券支付金额结算
180423-230855553921163,2018/5/9 17:37,10,0,优惠券结算,交易成功优惠券支付金额结算
180507-272612389120653,2018/5/9 17:16,0.5,0,优惠券结算,交易成功优惠券支付金额结算
180424-308255546242303,2018/5/9 17:12,3,0,优惠券结算,交易成功优惠券支付金额结算
180507-261706420483488,2018/5/9 16:49,5.88,0,优惠券结算,交易成功优惠券支付金额结算
180501-413446842240104,2018/5/9 16:43,0.5,0,优惠券结算,交易成功优惠券支付金额结算
180503-255181549442709,2018/5/9 16:40,0.71,0,优惠券结算,交易成功优惠券支付金额结算
180503-541743233920370,2018/5/9 15:48,0.65,0,优惠券结算,交易成功优惠券支付金额结算
180501-381767097600236,2018/5/9 15:44,3.54,0,优惠券结算,交易成功优惠券支付金额结算
180507-224254464003248,2018/5/9 15:16,0.5,0,优惠券结算,交易成功优惠券支付金额结算
180506-269593678723561,2018/5/9 15:01,10,0,优惠券结算,交易成功优惠券支付金额结算
180407-243618839042787,2018/5/9 14:36,10,0,优惠券结算,交易成功优惠券支付金额结算
180405-154317934081085,2018/5/9 14:34,3,0,优惠券结算,交易成功优惠券支付金额结算
180506-475159180160775,2018/5/9 13:47,0.5,0,优惠券结算,交易成功优惠券支付金额结算
180506-509522196490660,2018/5/9 13:41,3,0,优惠券结算,交易成功优惠券支付金额结算
180504-365918414082777,2018/5/9 13:24,1.19,0,优惠券结算,交易成功优惠券支付金额结算
180506-265893770243138,2018/5/9 13:15,4,0,优惠券结算,交易成功优惠券支付金额结算
180505-305049443202573,2018/5/9 13:07,10,0,优惠券结算,交易成功优惠券支付金额结算
180506-371349145601074,2018/5/9 12:54,3,0,优惠券结算,交易成功优惠券支付金额结算
180506-529457301761636,2018/5/9 12:52,1.05,0,优惠券结算,交易成功优惠券支付金额结算
180505-263452248960059,2018/5/9 12:46,4,0,优惠券结算,交易成功优惠券支付金额结算
180504-415987928320304,2018/5/9 10:29,3,0,优惠券结算,交易成功优惠券支付金额结算
180501-325670186882689,2018/5/9 9:51,1.61,0,优惠券结算,交易成功优惠券支付金额结算
180505-396708881281125,2018/5/9 9:01,0.5,0,优惠券结算,交易成功优惠券支付金额结算
180427-353634124800117,2018/5/9 2:41,1,0,优惠券结算,交易成功优惠券支付金额结算
180502-302209164163703,2018/5/9 0:56,5,0,优惠券结算,交易成功优惠券支付金额结算
180506-212683412480861,2018/5/9 0:23,10,0,优惠券结算,交易成功优惠券支付金额结算
180426-539535443201294,2018/5/8 23:44,10,0,优惠券结算,交易成功优惠券支付金额结算
180501-476903978883294,2018/5/8 22:46,3,0,优惠券结算,交易成功优惠券支付金额结算
180505-498464687362319,2018/5/8 21:43,0.64,0,优惠券结算,交易成功优惠券支付金额结算
180504-429339035520460,2018/5/8 21:28,10,0,优惠券结算,交易成功优惠券支付金额结算
180505-213373104003459,2018/5/8 21:13,19.4,0,优惠券结算,交易成功优惠券支付金额结算
180505-408193967373626,2018/5/8 20:55,10,0,优惠券结算,交易成功优惠券支付金额结算
180506-213960199041758,2018/5/8 20:28,10,0,优惠券结算,交易成功优惠券支付金额结算
180428-482448391042053,2018/5/8 20:13,10,0,优惠券结算,交易成功优惠券支付金额结算
180505-240149782412827,2018/5/8 19:52,0.5,0,优惠券结算,交易成功优惠券支付金额结算
180502-509031091210222,2018/5/8 18:42,1,0,优惠券结算,交易成功优惠券支付金额结算
180422-505456887681265,2018/5/8 18:38,0.5,0,优惠券结算,交易成功优惠券支付金额结算
180504-466268427523213,2018/5/8 18:23,10,0,优惠券结算,交易成功优惠券支付金额结算
180504-513392257920987,2018/5/8 18:23,1,0,优惠券结算,交易成功优惠券支付金额结算
180506-303514328321178,2018/5/8 18:15,0.72,0,优惠券结算,交易成功优惠券支付金额结算
180423-307794992001506,2018/5/8 18:06,10,0,优惠券结算,交易成功优惠券支付金额结算
180506-274142219522455,2018/5/8 17:55,10,0,优惠券结算,交易成功优惠券支付金额结算
180505-443312738561351,2018/5/8 17:39,10,0,优惠券结算,交易成功优惠券支付金额结算
180504-492050223362937,2018/5/8 17:35,0.5,0,优惠券结算,交易成功优惠券支付金额结算
180504-240327758721446,2018/5/8 17:13,3,0,优惠券结算,交易成功优惠券支付金额结算
180505-383638960002675,2018/5/8 16:51,4,0,优惠券结算,交易成功优惠券支付金额结算
180503-419601040642165,2018/5/8 16:47,0.5,0,优惠券结算,交易成功优惠券支付金额结算
180503-491095111681612,2018/5/8 16:23,4,0,优惠券结算,交易成功优惠券支付金额结算
180502-539858197760608,2018/5/8 16:13,0.5,0,优惠券结算,交易成功优惠券支付金额结算
180502-289035157762624,2018/5/8 16:10,10,0,优惠券结算,交易成功优惠券支付金额结算
180506-243763846403354,2018/5/8 15:12,1,0,优惠券结算,交易成功优惠券支付金额结算
180503-317746444163818,2018/5/8 14:58,5,0,优惠券结算,交易成功优惠券支付金额结算
180505-399986884480584,2018/5/8 14:53,10,0,优惠券结算,交易成功优惠券支付金额结算
180503-435133134721408,2018/5/8 14:23,0.5,0,优惠券结算,交易成功优惠券支付金额结算
180503-387052607360994,2018/5/8 14:12,0.5,0,优惠券结算,交易成功优惠券支付金额结算
180502-411448454403220,2018/5/8 13:41,10,0,优惠券结算,交易成功优惠券支付金额结算
180506-315316286722363,2018/5/8 13:06,0.69,0,优惠券结算,交易成功优惠券支付金额结算
180505-359690682240042,2018/5/8 12:52,0.73,0,优惠券结算,交易成功优惠券支付金额结算
180430-382094890882523,2018/5/8 12:49,0.66,0,优惠券结算,交易成功优惠券支付金额结算
180505-349379934091807,2018/5/8 12:39,3,0,优惠券结算,交易成功优惠券支付金额结算
180505-518757781763884,2018/5/8 12:12,0.74,0,优惠券结算,交易成功优惠券支付金额结算
180501-382628353281350,2018/5/8 11:45,10,0,优惠券结算,交易成功优惠券支付金额结算
180506-241616170880945,2018/5/8 11:39,4,0,优惠券结算,交易成功优惠券支付金额结算
180504-403535616002387,2018/5/8 11:30,0,-1,优惠券结算,退款扣除优惠券支付金额
180504-403535616002387,2018/5/8 11:30,1,0,优惠券结算,交易成功优惠券支付金额结算
180503-411504140161849,2018/5/8 11:16,5,0,优惠券结算,交易成功优惠券支付金额结算
180503-438270194561100,2018/5/8 11:13,10,0,优惠券结算,交易成功优惠券支付金额结算
180506-219153587200019,2018/5/8 10:58,0.66,0,优惠券结算,交易成功优惠券支付金额结算
180502-288890813442460,2018/5/8 10:52,1.36,0,优惠券结算,交易成功优惠券支付金额结算
180502-285632139522460,2018/5/8 10:52,5,0,优惠券结算,交易成功优惠券支付金额结算
180505-333508382720874,2018/5/8 10:51,0.5,0,优惠券结算,交易成功优惠券支付金额结算
180430-252897630081873,2018/5/8 10:46,4,0,优惠券结算,交易成功优惠券支付金额结算
180502-344809663362514,2018/5/8 10:31,5,0,优惠券结算,交易成功优惠券支付金额结算
180503-434007691521240,2018/5/8 10:31,1,0,优惠券结算,交易成功优惠券支付金额结算
180407-285826158081564,2018/5/8 10:06,0.8,0,优惠券结算,交易成功优惠券支付金额结算
180505-482582466561000,2018/5/8 10:03,0.5,0,优惠券结算,交易成功优惠券支付金额结算
180430-511893294083542,2018/5/8 9:25,3,0,优惠券结算,交易成功优惠券支付金额结算
180503-342486253440266,2018/5/8 9:12,10,0,优惠券结算,交易成功优惠券支付金额结算
180430-272449392650451,2018/5/8 9:05,5,0,优惠券结算,交易成功优惠券支付金额结算
180501-393635502083959,2018/5/8 9:03,0.5,0,优惠券结算,交易成功优惠券支付金额结算
180505-255328508162130,2018/5/8 8:09,0.5,0,优惠券结算,交易成功优惠券支付金额结算
180504-535263714561293,2018/5/8 6:49,5,0,优惠券结算,交易成功优惠券支付金额结算
180504-461018072963271,2018/5/8 6:40,10.08,0,优惠券结算,交易成功优惠券支付金额结算
180505-112527610881627,2018/5/8 6:04,10,0,优惠券结算,交易成功优惠券支付金额结算
180504-430247374720693,2018/5/8 5:51,0.67,0,优惠券结算,交易成功优惠券支付金额结算
180503-317930072961469,2018/5/8 5:33,0.79,0,优惠券结算,交易成功优惠券支付金额结算
180504-249140977921717,2018/5/8 0:02,4.55,0,优惠券结算,交易成功优惠券支付金额结算
180428-543272965122975,2018/5/7 23:57,3,0,优惠券结算,交易成功优惠券支付金额结算
180504-279053885442781,2018/5/7 23:44,10,0,优惠券结算,交易成功优惠券支付金额结算
180504-345419352322657,2018/5/7 22:38,10,0,优惠券结算,交易成功优惠券支付金额结算
180501-282444206082493,2018/5/7 22:26,0.74,0,优惠券结算,交易成功优惠券支付金额结算
180405-422598096003929,2018/5/7 22:14,20,0,优惠券结算,交易成功优惠券支付金额结算
180504-411114456320934,2018/5/7 22:08,0.5,0,优惠券结算,交易成功优惠券支付金额结算
180504-376673378562974,2018/5/7 22:07,0.74,0,优惠券结算,交易成功优惠券支付金额结算
180504-309389313283409,2018/5/7 21:39,0.8,0,优惠券结算,交易成功优惠券支付金额结算
180502-281966901120712,2018/5/7 21:34,10,0,优惠券结算,交易成功优惠券支付金额结算
180501-377895154563574,2018/5/7 21:27,10,0,优惠券结算,交易成功优惠券支付金额结算
180427-481846309762414,2018/5/7 21:05,10,0,优惠券结算,交易成功优惠券支付金额结算
180503-488445405441184,2018/5/7 19:45,10,0,优惠券结算,交易成功优惠券支付金额结算
180502-386849546244004,2018/5/7 19:38,3,0,优惠券结算,交易成功优惠券支付金额结算
180504-483084738563556,2018/5/7 19:31,5,0,优惠券结算,交易成功优惠券支付金额结算
180501-394511075203677,2018/5/7 18:59,5,0,优惠券结算,交易成功优惠券支付金额结算
180505-267880787843934,2018/5/7 18:57,10,0,优惠券结算,交易成功优惠券支付金额结算
180502-466207334403079,2018/5/7 18:53,4,0,优惠券结算,交易成功优惠券支付金额结算
180504-396345584642463,2018/5/7 18:41,3,0,优惠券结算,交易成功优惠券支付金额结算
180505-457167556483751,2018/5/7 18:37,10,0,优惠券结算,交易成功优惠券支付金额结算
180504-437009450881233,2018/5/7 18:27,1,0,优惠券结算,交易成功优惠券支付金额结算
180505-289232447360647,2018/5/7 18:19,0.5,0,优惠券结算,交易成功优惠券支付金额结算
180502-345833059204064,2018/5/7 18:16,0.78,0,优惠券结算,交易成功优惠券支付金额结算
180504-320238407683065,2018/5/7 18:14,1,0,优惠券结算,交易成功优惠券支付金额结算
180501-506519093121711,2018/5/7 18:13,3,0,优惠券结算,交易成功优惠券支付金额结算
180504-507976204160299,2018/5/7 18:02,5,0,优惠券结算,交易成功优惠券支付金额结算
180503-329455781761216,2018/5/7 17:57,10,0,优惠券结算,交易成功优惠券支付金额结算
180505-212135108482841,2018/5/7 16:49,3,0,优惠券结算,交易成功优惠券支付金额结算
180504-438205788161230,2018/5/7 16:39,0.5,0,优惠券结算,交易成功优惠券支付金额结算
180504-396105780483498,2018/5/7 16:37,18.89,0,优惠券结算,交易成功优惠券支付金额结算
180504-218957137920702,2018/5/7 16:07,0.5,0,优惠券结算,交易成功优惠券支付金额结算
180501-453149795203719,2018/5/7 15:38,0.76,0,优惠券结算,交易成功优惠券支付金额结算
180407-297004244481200,2018/5/7 15:02,0.71,0,优惠券结算,交易成功优惠券支付金额结算
180422-347024020480268,2018/5/7 14:50,0.5,0,优惠券结算,交易成功优惠券支付金额结算
180504-376188560642967,2018/5/7 14:17,0.78,0,优惠券结算,交易成功优惠券支付金额结算
180427-419864520960032,2018/5/7 13:15,10,0,优惠券结算,交易成功优惠券支付金额结算
180501-466836808960766,2018/5/7 13:04,3,0,优惠券结算,交易成功优惠券支付金额结算
180502-500582856962839,2018/5/7 12:36,3,0,优惠券结算,交易成功优惠券支付金额结算
180504-509213040643650,2018/5/7 12:07,10,0,优惠券结算,交易成功优惠券支付金额结算
180427-332244430080995,2018/5/7 11:19,10,0,优惠券结算,交易成功优惠券支付金额结算
180428-362305778561466,2018/5/7 11:12,10,0,优惠券结算,交易成功优惠券支付金额结算
180503-301474755843071,2018/5/7 10:46,0.74,0,优惠券结算,交易成功优惠券支付金额结算
180502-408016104322818,2018/5/7 10:41,0.62,0,优惠券结算,交易成功优惠券支付金额结算
180426-419486581760453,2018/5/7 9:54,10,0,优惠券结算,交易成功优惠券支付金额结算
180503-350644439042234,2018/5/7 9:52,10,0,优惠券结算,交易成功优惠券支付金额结算
180502-380659737600372,2018/5/7 9:13,0.74,0,优惠券结算,交易成功优惠券支付金额结算
180503-226982702080001,2018/5/7 8:34,10,0,优惠券结算,交易成功优惠券支付金额结算
180502-526055270400483,2018/5/7 4:32,3,0,优惠券结算,交易成功优惠券支付金额结算
180502-352086389762771,2018/5/7 1:11,0.8,0,优惠券结算,交易成功优惠券支付金额结算
180502-477253813132283,2018/5/7 0:31,5,0,优惠券结算,交易成功优惠券支付金额结算
180503-306628776961211,2018/5/6 23:18,10,0,优惠券结算,交易成功优惠券支付金额结算
180502-523134069762951,2018/5/6 21:24,0.5,0,优惠券结算,交易成功优惠券支付金额结算
180503-517581794563397,2018/5/6 21:18,10,0,优惠券结算,交易成功优惠券支付金额结算
180426-524184664962010,2018/5/6 21:15,3,0,优惠券结算,交易成功优惠券支付金额结算
180502-299868231681274,2018/5/6 21:05,1.03,0,优惠券结算,交易成功优惠券支付金额结算
180405-281306253440966,2018/5/6 20:53,3,0,优惠券结算,交易成功优惠券支付金额结算
180502-532588171521279,2018/5/6 20:20,0.71,0,优惠券结算,交易成功优惠券支付金额结算
180501-476505663361160,2018/5/6 19:51,5,0,优惠券结算,交易成功优惠券支付金额结算
180502-255054577923345,2018/5/6 19:33,10,0,优惠券结算,交易成功优惠券支付金额结算
180501-414246165772121,2018/5/6 19:24,5,0,优惠券结算,交易成功优惠券支付金额结算
180501-518326350720700,2018/5/6 19:20,0.5,0,优惠券结算,交易成功优惠券支付金额结算
180502-242138620161381,2018/5/6 19:15,0.67,0,优惠券结算,交易成功优惠券支付金额结算
180503-482147595522257,2018/5/6 19:00,20,0,优惠券结算,交易成功优惠券支付金额结算
180502-428987715842797,2018/5/6 17:53,10,0,优惠券结算,交易成功优惠券支付金额结算
180502-462362973443229,2018/5/6 17:52,0.5,0,优惠券结算,交易成功优惠券支付金额结算
180502-415607828482140,2018/5/6 17:51,0.7,0,优惠券结算,交易成功优惠券支付金额结算
180504-215620546560796,2018/5/6 17:43,3,0,优惠券结算,交易成功优惠券支付金额结算
180502-523666085773485,2018/5/6 17:38,10,0,优惠券结算,交易成功优惠券支付金额结算
180503-504714835852407,2018/5/6 17:35,0.74,0,优惠券结算,交易成功优惠券支付金额结算
180503-469956312962600,2018/5/6 17:14,3,0,优惠券结算,交易成功优惠券支付金额结算
180503-531387568001136,2018/5/6 17:03,3,0,优惠券结算,交易成功优惠券支付金额结算
180504-305406337280860,2018/5/6 16:32,5,0,优惠券结算,交易成功优惠券支付金额结算
180504-219088467203947,2018/5/6 16:24,0.5,0,优惠券结算,交易成功优惠券支付金额结算
180501-394074640642737,2018/5/6 16:06,0.5,0,优惠券结算,交易成功优惠券支付金额结算
180502-426170446723320,2018/5/6 16:03,1.17,0,优惠券结算,交易成功优惠券支付金额结算
180503-279595536642283,2018/5/6 15:58,10,0,优惠券结算,交易成功优惠券支付金额结算
180502-480326791042551,2018/5/6 15:51,3,0,优惠券结算,交易成功优惠券支付金额结算
180502-391101887360632,2018/5/6 15:41,0.5,0,优惠券结算,交易成功优惠券支付金额结算
180427-339118448651875,2018/5/6 15:19,3,0,优惠券结算,交易成功优惠券支付金额结算
180501-521821467521790,2018/5/6 15:11,4,0,优惠券结算,交易成功优惠券支付金额结算
180501-380559699200312,2018/5/6 14:45,0.67,0,优惠券结算,交易成功优惠券支付金额结算
180503-540587470722817,2018/5/6 14:20,10,0,优惠券结算,交易成功优惠券支付金额结算
180430-517856814080160,2018/5/6 14:18,10,0,优惠券结算,交易成功优惠券支付金额结算
180503-411744778240816,2018/5/6 14:14,10,0,优惠券结算,交易成功优惠券支付金额结算
180430-423450943362993,2018/5/6 13:54,0.5,0,优惠券结算,交易成功优惠券支付金额结算
180502-401254952960817,2018/5/6 13:19,1.01,0,优惠券结算,交易成功优惠券支付金额结算
180427-313643217920820,2018/5/6 12:04,10,0,优惠券结算,交易成功优惠券支付金额结算
180503-287720260484088,2018/5/6 11:55,0.5,0,优惠券结算,交易成功优惠券支付金额结算
180502-299110847361570,2018/5/6 11:31,3,0,优惠券结算,交易成功优惠券支付金额结算
180503-343798903681417,2018/5/6 11:14,10.6,0,优惠券结算,交易成功优惠券支付金额结算
180506-244793719682597,2018/5/6 10:43,0,-10,优惠券结算,退款补用户优惠券
180506-244793719682597,2018/5/6 10:43,10,0,优惠券结算,交易成功优惠券支付金额结算
180426-418651777922644,2018/5/6 10:41,3,0,优惠券结算,交易成功优惠券支付金额结算
180501-494207300482158,2018/5/6 10:40,3,0,优惠券结算,交易成功优惠券支付金额结算
180503-316694364161928,2018/5/6 10:21,1.08,0,优惠券结算,交易成功优惠券支付金额结算
180502-243355680643790,2018/5/6 9:14,4,0,优惠券结算,交易成功优惠券支付金额结算
180502-320752611203050,2018/5/6 8:56,1,0,优惠券结算,交易成功优惠券支付金额结算
180430-439387833600261,2018/5/6 8:31,0.68,0,优惠券结算,交易成功优惠券支付金额结算
180501-388811311360429,2018/5/6 8:12,0.69,0,优惠券结算,交易成功优惠券支付金额结算
180428-498194954240807,2018/5/6 7:59,4,0,优惠券结算,交易成功优惠券支付金额结算
180502-426084292481632,2018/5/6 6:40,0.74,0,优惠券结算,交易成功优惠券支付金额结算
180501-448667193604015,2018/5/6 5:59,10,0,优惠券结算,交易成功优惠券支付金额结算
180503-250571450240482,2018/5/6 0:04,0.6,0,优惠券结算,交易成功优惠券支付金额结算
180430-374040700161259,2018/5/5 23:51,0.74,0,优惠券结算,交易成功优惠券支付金额结算
180501-519010913292635,2018/5/5 23:07,1,0,优惠券结算,交易成功优惠券支付金额结算
180503-253308554241975,2018/5/5 22:59,0.7,0,优惠券结算,交易成功优惠券支付金额结算
180503-314871208962807,2018/5/5 22:30,10,0,优惠券结算,交易成功优惠券支付金额结算
180501-348620279682029,2018/5/5 21:50,5,0,优惠券结算,交易成功优惠券支付金额结算
180427-315456800643876,2018/5/5 21:30,10,0,优惠券结算,交易成功优惠券支付金额结算
180502-503018308483352,2018/5/5 21:29,3,0,优惠券结算,交易成功优惠券支付金额结算
180502-302900884481443,2018/5/5 21:16,4,0,优惠券结算,交易成功优惠券支付金额结算
180501-452302265601677,2018/5/5 21:15,0.73,0,优惠券结算,交易成功优惠券支付金额结算
180430-321143896322590,2018/5/5 20:43,10,0,优惠券结算,交易成功优惠券支付金额结算
180502-314685701123340,2018/5/5 20:21,1.19,0,优惠券结算,交易成功优惠券支付金额结算
180430-393553904643645,2018/5/5 19:20,3,0,优惠券结算,交易成功优惠券支付金额结算
180502-340410666242020,2018/5/5 19:11,10,0,优惠券结算,交易成功优惠券支付金额结算
180502-447061090562230,2018/5/5 19:08,0.5,0,优惠券结算,交易成功优惠券支付金额结算
180402-489698476163323,2018/5/5 19:04,0.5,0,优惠券结算,交易成功优惠券支付金额结算
180430-299766007040189,2018/5/5 19:04,10,0,优惠券结算,交易成功优惠券支付金额结算
180430-498312913922610,2018/5/5 18:50,0.8,0,优惠券结算,交易成功优惠券支付金额结算
180502-277070527361348,2018/5/5 18:46,10,0,优惠券结算,交易成功优惠券支付金额结算
180502-334567516172474,2018/5/5 18:42,3,0,优惠券结算,交易成功优惠券支付金额结算
180502-287339998081616,2018/5/5 18:32,0.5,0,优惠券结算,交易成功优惠券支付金额结算
180502-355166875523004,2018/5/5 18:27,0.73,0,优惠券结算,交易成功优惠券支付金额结算
180429-504553768963061,2018/5/5 18:24,10,0,优惠券结算,交易成功优惠券支付金额结算
180501-342658464640668,2018/5/5 18:17,0.63,0,优惠券结算,交易成功优惠券支付金额结算
180411-348823923840272,2018/5/5 18:11,3,0,优惠券结算,交易成功优惠券支付金额结算
180501-445268937611439,2018/5/5 18:10,0.62,0,优惠券结算,交易成功优惠券支付金额结算
180502-458222679042469,2018/5/5 17:48,0.64,0,优惠券结算,交易成功优惠券支付金额结算
180430-108801532161871,2018/5/5 17:36,0.79,0,优惠券结算,交易成功优惠券支付金额结算
180427-458635495683452,2018/5/5 17:24,10,0,优惠券结算,交易成功优惠券支付金额结算
180502-476306892803268,2018/5/5 17:16,10,0,优惠券结算,交易成功优惠券支付金额结算
180503-248533100803242,2018/5/5 17:11,4,0,优惠券结算,交易成功优惠券支付金额结算
180501-514854903041810,2018/5/5 17:04,10,0,优惠券结算,交易成功优惠券支付金额结算
180502-374726724490289,2018/5/5 16:25,10,0,优惠券结算,交易成功优惠券支付金额结算
180502-501520272640461,2018/5/5 16:20,0.5,0,优惠券结算,交易成功优惠券支付金额结算
180501-454502840323263,2018/5/5 15:53,5,0,优惠券结算,交易成功优惠券支付金额结算
180502-331901466880658,2018/5/5 15:09,0.71,0,优惠券结算,交易成功优惠券支付金额结算
180429-369804835843470,2018/5/5 15:03,10,0,优惠券结算,交易成功优惠券支付金额结算
180429-526719764483998,2018/5/5 14:38,0.5,0,优惠券结算,交易成功优惠券支付金额结算
180501-529984204801525,2018/5/5 14:33,3,0,优惠券结算,交易成功优惠券支付金额结算
180501-286105703680108,2018/5/5 14:24,0.79,0,优惠券结算,交易成功优惠券支付金额结算
180502-312346062720275,2018/5/5 14:23,0.5,0,优惠券结算,交易成功优惠券支付金额结算
180502-528483764481499,2018/5/5 14:19,5,0,优惠券结算,交易成功优惠券支付金额结算
180501-523536877440394,2018/5/5 14:17,0.77,0,优惠券结算,交易成功优惠券支付金额结算
180419-390147821443176,2018/5/5 14:12,0.69,0,优惠券结算,交易成功优惠券支付金额结算
180419-518047233920080,2018/5/5 14:12,10,0,优惠券结算,交易成功优惠券支付金额结算
180502-276916824962161,2018/5/5 13:39,0.75,0,优惠券结算,交易成功优惠券支付金额结算
180501-478236934400248,2018/5/5 13:36,0.5,0,优惠券结算,交易成功优惠券支付金额结算
180501-348288037761909,2018/5/5 13:32,3,0,优惠券结算,交易成功优惠券支付金额结算
180503-307850794240019,2018/5/5 13:21,0.66,0,优惠券结算,交易成功优惠券支付金额结算
180502-332042467203103,2018/5/5 13:01,10,0,优惠券结算,交易成功优惠券支付金额结算
180503-209605775362201,2018/5/5 12:42,10,0,优惠券结算,交易成功优惠券支付金额结算
180502-392299269121775,2018/5/5 12:12,0.5,0,优惠券结算,交易成功优惠券支付金额结算
180502-126270332162534,2018/5/5 11:52,0.8,0,优惠券结算,交易成功优惠券支付金额结算
180501-483751266562515,2018/5/5 11:49,0.5,0,优惠券结算,交易成功优惠券支付金额结算
180406-427306197760503,2018/5/5 11:43,0.5,0,优惠券结算,交易成功优惠券支付金额结算
180430-331440816000372,2018/5/5 11:32,10,0,优惠券结算,交易成功优惠券支付金额结算
180427-501147320324047,2018/5/5 11:20,0.77,0,优惠券结算,交易成功优惠券支付金额结算
180501-251062389763907,2018/5/5 11:04,10,0,优惠券结算,交易成功优惠券支付金额结算
180501-359948679041439,2018/5/5 10:47,10,0,优惠券结算,交易成功优惠券支付金额结算
180501-386065020803969,2018/5/5 10:27,0.5,0,优惠券结算,交易成功优惠券支付金额结算
180501-450876652801302,2018/5/5 9:32,0.61,0,优惠券结算,交易成功优惠券支付金额结算
180501-511174094082547,2018/5/5 8:58,10,0,优惠券结算,交易成功优惠券支付金额结算
180428-323896050563942,2018/5/5 8:43,0.5,0,优惠券结算,交易成功优惠券支付金额结算
180502-286673382400150,2018/5/5 8:10,3,0,优惠券结算,交易成功优惠券支付金额结算
180407-228560760323183,2018/5/5 7:59,3,0,优惠券结算,交易成功优惠券支付金额结算
180430-415239236483819,2018/5/5 6:45,4,0,优惠券结算,交易成功优惠券支付金额结算
180430-490018992003510,2018/5/5 6:45,0.76,0,优惠券结算,交易成功优惠券支付金额结算
180430-363762334721358,2018/5/5 6:02,5,0,优惠券结算,交易成功优惠券支付金额结算
180502-299873438723016,2018/5/5 5:28,10,0,优惠券结算,交易成功优惠券支付金额结算
180501-405198361602702,2018/5/5 0:57,3.26,0,优惠券结算,交易成功优惠券支付金额结算
180501-446389135362702,2018/5/5 0:56,1,0,优惠券结算,交易成功优惠券支付金额结算
180502-260212659200800,2018/5/4 23:38,10,0,优惠券结算,交易成功优惠券支付金额结算
180502-143089921280343,2018/5/4 23:26,10,0,优惠券结算,交易成功优惠券支付金额结算
180502-283487710083994,2018/5/4 23:13,1,0,优惠券结算,交易成功优惠券支付金额结算
180501-467467402251229,2018/5/4 23:13,0.5,0,优惠券结算,交易成功优惠券支付金额结算
180504-509254809603499,2018/5/4 23:10,0,-0.79,优惠券结算,退款扣除优惠券支付金额
180504-509254809603499,2018/5/4 23:10,0.79,0,优惠券结算,交易成功优惠券支付金额结算
180501-333792000000309,2018/5/4 22:37,10,0,优惠券结算,交易成功优惠券支付金额结算
180501-495957597442092,2018/5/4 22:31,10,0,优惠券结算,交易成功优惠券支付金额结算
180430-497711663363040,2018/5/4 21:55,10,0,优惠券结算,交易成功优惠券支付金额结算
180501-525072140173013,2018/5/4 21:53,5,0,优惠券结算,交易成功优惠券支付金额结算
180501-444395152643351,2018/5/4 21:33,5,0,优惠券结算,交易成功优惠券支付金额结算
180423-338154717450329,2018/5/4 21:32,10,0,优惠券结算,交易成功优惠券支付金额结算
180430-466172085130123,2018/5/4 21:22,0.79,0,优惠券结算,交易成功优惠券支付金额结算
180501-513313725443251,2018/5/4 21:16,10,0,优惠券结算,交易成功优惠券支付金额结算
180501-494843367682029,2018/5/4 21:12,4,0,优惠券结算,交易成功优惠券支付金额结算
180405-369423987200000,2018/5/4 21:06,10,0,优惠券结算,交易成功优惠券支付金额结算
180430-289977395200527,2018/5/4 21:02,0.6,0,优惠券结算,交易成功优惠券支付金额结算
180501-201902742401312,2018/5/4 20:51,0.79,0,优惠券结算,交易成功优惠券支付金额结算
180502-270442118400714,2018/5/4 20:51,0.5,0,优惠券结算,交易成功优惠券支付金额结算
180501-385666541444010,2018/5/4 20:49,5,0,优惠券结算,交易成功优惠券支付金额结算
180430-515297071361300,2018/5/4 20:48,5,0,优惠券结算,交易成功优惠券支付金额结算
180501-340458373120755,2018/5/4 20:21,0.77,0,优惠券结算,交易成功优惠券支付金额结算
180427-293578705923308,2018/5/4 20:01,5,0,优惠券结算,交易成功优惠券支付金额结算
180501-453550675200536,2018/5/4 19:51,5,0,优惠券结算,交易成功优惠券支付金额结算
180502-295711738881969,2018/5/4 19:28,0.64,0,优惠券结算,交易成功优惠券支付金额结算
180430-509422773120384,2018/5/4 19:19,0.5,0,优惠券结算,交易成功优惠券支付金额结算
180501-235609190403207,2018/5/4 18:47,0.74,0,优惠券结算,交易成功优惠券支付金额结算
180429-519928940803181,2018/5/4 18:10,10,0,优惠券结算,交易成功优惠券支付金额结算
180430-500169580803888,2018/5/4 18:09,0.5,0,优惠券结算,交易成功优惠券支付金额结算
180501-337354231040306,2018/5/4 18:06,4,0,优惠券结算,交易成功优惠券支付金额结算
180429-251042064643219,2018/5/4 17:28,0.5,0,优惠券结算,交易成功优惠券支付金额结算
180428-515844824332353,2018/5/4 17:00,10,0,优惠券结算,交易成功优惠券支付金额结算
180501-484425893121928,2018/5/4 16:52,0.5,0,优惠券结算,交易成功优惠券支付金额结算
180430-495332312321435,2018/5/4 16:35,0.79,0,优惠券结算,交易成功优惠券支付金额结算
180430-543502905602132,2018/5/4 16:15,0.5,0,优惠券结算,交易成功优惠券支付金额结算
180501-455127010560063,2018/5/4 16:12,0.5,0,优惠券结算,交易成功优惠券支付金额结算
180430-507056273293866,2018/5/4 15:45,10,0,优惠券结算,交易成功优惠券支付金额结算
180501-481106924800089,2018/5/4 15:23,4.11,0,优惠券结算,交易成功优惠券支付金额结算
180501-484021749772362,2018/5/4 14:57,1.71,0,优惠券结算,交易成功优惠券支付金额结算
180502-264336452482967,2018/5/4 14:46,0.5,0,优惠券结算,交易成功优惠券支付金额结算
180426-385703107841243,2018/5/4 14:38,0.5,0,优惠券结算,交易成功优惠券支付金额结算
180501-436810257280208,2018/5/4 14:28,3,0,优惠券结算,交易成功优惠券支付金额结算
180501-390765708172801,2018/5/4 13:52,0.5,0,优惠券结算,交易成功优惠券支付金额结算
180501-480294000641176,2018/5/4 13:46,0.73,0,优惠券结算,交易成功优惠券支付金额结算
180502-277267097603744,2018/5/4 13:40,10,0,优惠券结算,交易成功优惠券支付金额结算
180501-511805088002896,2018/5/4 13:39,0,-1,优惠券结算,退款扣除优惠券支付金额
180501-511805088002896,2018/5/4 13:38,1,0,优惠券结算,交易成功优惠券支付金额结算
180430-401102952321391,2018/5/4 12:38,0.64,0,优惠券结算,交易成功优惠券支付金额结算
180430-456629690242415,2018/5/4 12:35,10,0,优惠券结算,交易成功优惠券支付金额结算
180430-264074526722291,2018/5/4 12:13,10,0,优惠券结算,交易成功优惠券支付金额结算
180501-357514224640810,2018/5/4 12:02,10,0,优惠券结算,交易成功优惠券支付金额结算
180403-416503088641465,2018/5/4 11:44,36,0,优惠券结算,交易成功优惠券支付金额结算
180430-485273473920291,2018/5/4 11:44,1,0,优惠券结算,交易成功优惠券支付金额结算
180430-436379788161935,2018/5/4 11:33,10,0,优惠券结算,交易成功优惠券支付金额结算
180502-249602100481954,2018/5/4 11:13,10,0,优惠券结算,交易成功优惠券支付金额结算
180428-543315928961482,2018/5/4 11:09,0.76,0,优惠券结算,交易成功优惠券支付金额结算
180501-372859504640019,2018/5/4 11:02,0.8,0,优惠券结算,交易成功优惠券支付金额结算
180430-159855678720519,2018/5/4 10:47,10,0,优惠券结算,交易成功优惠券支付金额结算
180501-523915837443087,2018/5/4 10:36,1.39,0,优惠券结算,交易成功优惠券支付金额结算
180501-399445808000387,2018/5/4 9:48,5,0,优惠券结算,交易成功优惠券支付金额结算
180406-258776343680042,2018/5/4 9:26,0,-5,优惠券结算,退款补用户优惠券
180406-258776343680042,2018/5/4 9:26,5,0,优惠券结算,交易成功优惠券支付金额结算
180422-408844643203626,2018/5/4 9:14,3,0,优惠券结算,交易成功优惠券支付金额结算
180428-458429687043221,2018/5/4 8:50,5,0,优惠券结算,交易成功优惠券支付金额结算
180503-465075257601924,2018/5/4 8:32,0,-0.5,优惠券结算,退款扣除优惠券支付金额
180503-465075257601924,2018/5/4 8:32,0.5,0,优惠券结算,交易成功优惠券支付金额结算
180428-481024364801500,2018/5/4 8:27,0.5,0,优惠券结算,交易成功优惠券支付金额结算
180429-539926973440556,2018/5/4 8:01,10,0,优惠券结算,交易成功优惠券支付金额结算
180430-468086947842958,2018/5/4 6:34,0.5,0,优惠券结算,交易成功优惠券支付金额结算
180429-520263317761987,2018/5/4 0:49,0.75,0,优惠券结算,交易成功优惠券支付金额结算
180501-236721189123193,2018/5/3 22:26,10,0,优惠券结算,交易成功优惠券支付金额结算
180406-391245151361509,2018/5/3 21:51,3,0,优惠券结算,交易成功优惠券支付金额结算
180429-487969573764065,2018/5/3 21:25,10,0,优惠券结算,交易成功优惠券支付金额结算
180428-451723583364072,2018/5/3 21:18,3,0,优惠券结算,交易成功优惠券支付金额结算
180429-543667662723479,2018/5/3 20:55,0.5,0,优惠券结算,交易成功优惠券支付金额结算
180429-518114411523831,2018/5/3 20:35,3,0,优惠券结算,交易成功优惠券支付金额结算
180430-380277099523812,2018/5/3 20:19,1.46,0,优惠券结算,交易成功优惠券支付金额结算
180501-240358507520493,2018/5/3 19:35,10,0,优惠券结算,交易成功优惠券支付金额结算
180430-418679420802970,2018/5/3 18:40,3,0,优惠券结算,交易成功优惠券支付金额结算
180429-507165948160335,2018/5/3 18:13,0.5,0,优惠券结算,交易成功优惠券支付金额结算
180501-237640659841783,2018/5/3 18:08,5,0,优惠券结算,交易成功优惠券支付金额结算
180428-537677159681958,2018/5/3 18:03,3,0,优惠券结算,交易成功优惠券支付金额结算
180427-522848727040976,2018/5/3 17:57,5,0,优惠券结算,交易成功优惠券支付金额结算
180428-468560148483785,2018/5/3 16:40,3,0,优惠券结算,交易成功优惠券支付金额结算
180427-495684517120052,2018/5/3 16:18,5,0,优惠券结算,交易成功优惠券支付金额结算
180430-473018712960351,2018/5/3 16:11,5,0,优惠券结算,交易成功优惠券支付金额结算
180430-309698749443571,2018/5/3 16:06,4,0,优惠券结算,交易成功优惠券支付金额结算
180430-501733602571807,2018/5/3 16:04,10,0,优惠券结算,交易成功优惠券支付金额结算
180403-294045453443740,2018/5/3 15:37,3,0,优惠券结算,交易成功优惠券支付金额结算
180418-294742781441747,2018/5/3 15:22,0.5,0,优惠券结算,交易成功优惠券支付金额结算
180430-401242236803191,2018/5/3 15:14,0.72,0,优惠券结算,交易成功优惠券支付金额结算
180430-484207267843904,2018/5/3 15:04,3,0,优惠券结算,交易成功优惠券支付金额结算
180430-524709188482646,2018/5/3 14:39,0.81,0,优惠券结算,交易成功优惠券支付金额结算
180430-481558780800191,2018/5/3 14:27,5,0,优惠券结算,交易成功优惠券支付金额结算
180408-421247132162909,2018/5/3 13:33,0.5,0,优惠券结算,交易成功优惠券支付金额结算
180428-263809146883923,2018/5/3 13:20,10,0,优惠券结算,交易成功优惠券支付金额结算
180422-486935009281027,2018/5/3 13:01,3,0,优惠券结算,交易成功优惠券支付金额结算
180428-533253828481924,2018/5/3 12:49,3,0,优惠券结算,交易成功优惠券支付金额结算
180429-470093190400378,2018/5/3 12:20,0.5,0,优惠券结算,交易成功优惠券支付金额结算
180428-498913187844005,2018/5/3 12:12,3,0,优惠券结算,交易成功优惠券支付金额结算
180430-376208634880266,2018/5/3 11:49,0.5,0,优惠券结算,交易成功优惠券支付金额结算
180429-240668207361073,2018/5/3 11:34,0.68,0,优惠券结算,交易成功优惠券支付金额结算
180430-495532564480922,2018/5/3 11:26,3,0,优惠券结算,交易成功优惠券支付金额结算
180404-470284853760925,2018/5/3 11:16,3,0,优惠券结算,交易成功优惠券支付金额结算
180430-350804771843797,2018/5/3 11:12,3,0,优惠券结算,交易成功优惠券支付金额结算
180427-435640219521675,2018/5/3 10:22,10,0,优惠券结算,交易成功优惠券支付金额结算
180427-365311559680146,2018/5/3 10:01,3,0,优惠券结算,交易成功优惠券支付金额结算
180501-343858965761457,2018/5/3 9:19,0,-4,优惠券结算,退款补用户优惠券
180501-343858965761457,2018/5/3 9:19,4,0,优惠券结算,交易成功优惠券支付金额结算
180427-320648792963069,2018/5/3 9:07,0.5,0,优惠券结算,交易成功优惠券支付金额结算
180405-500276627202349,2018/5/3 8:58,0.5,0,优惠券结算,交易成功优惠券支付金额结算
180403-485480082562824,2018/5/3 7:08,3,0,优惠券结算,交易成功优惠券支付金额结算
180427-492372958080654,2018/5/3 6:17,10,0,优惠券结算,交易成功优惠券支付金额结算
180430-309473126401399,2018/5/3 5:30,10,0,优惠券结算,交易成功优惠券支付金额结算
180430-292565715842053,2018/5/2 23:34,4,0,优惠券结算,交易成功优惠券支付金额结算
180422-520414141443823,2018/5/2 23:12,0.69,0,优惠券结算,交易成功优惠券支付金额结算
180427-519639543041414,2018/5/2 22:11,0.5,0,优惠券结算,交易成功优惠券支付金额结算
180502-340137136002795,2018/5/2 21:50,0,-10,优惠券结算,退款补用户优惠券
180502-340137136002795,2018/5/2 21:50,10,0,优惠券结算,交易成功优惠券支付金额结算
180430-261846693120390,2018/5/2 21:42,0.5,0,优惠券结算,交易成功优惠券支付金额结算
180428-379171902722365,2018/5/2 21:33,10,0,优惠券结算,交易成功优惠券支付金额结算
180429-373660509442963,2018/5/2 21:30,0.67,0,优惠券结算,交易成功优惠券支付金额结算
180423-319827463043114,2018/5/2 21:27,6.61,0,优惠券结算,交易成功优惠券支付金额结算
180430-257677685770390,2018/5/2 20:27,5,0,优惠券结算,交易成功优惠券支付金额结算
180427-413055052800896,2018/5/2 19:52,10,0,优惠券结算,交易成功优惠券支付金额结算
180405-508298304653539,2018/5/2 19:47,0.73,0,优惠券结算,交易成功优惠券支付金额结算
180407-310232758402193,2018/5/2 19:46,3,0,优惠券结算,交易成功优惠券支付金额结算
180428-307700261760432,2018/5/2 19:31,0.5,0,优惠券结算,交易成功优惠券支付金额结算
180429-532409575684092,2018/5/2 19:21,0.5,0,优惠券结算,交易成功优惠券支付金额结算
180422-488725402883824,2018/5/2 18:28,11.16,0,优惠券结算,交易成功优惠券支付金额结算
180427-439374153603291,2018/5/2 18:26,3,0,优惠券结算,交易成功优惠券支付金额结算
180428-252768779522868,2018/5/2 18:24,10,0,优惠券结算,交易成功优惠券支付金额结算
180428-153438680321679,2018/5/2 18:20,10,0,优惠券结算,交易成功优惠券支付金额结算
180402-539609177600925,2018/5/2 17:42,1.03,0,优惠券结算,交易成功优惠券支付金额结算
180429-304716488963546,2018/5/2 16:34,0.5,0,优惠券结算,交易成功优惠券支付金额结算
180427-348055415041374,2018/5/2 15:55,10,0,优惠券结算,交易成功优惠券支付金额结算
180430-256100189442685,2018/5/2 15:23,5,0,优惠券结算,交易成功优惠券支付金额结算
180427-327036279681520,2018/5/2 15:19,10,0,优惠券结算,交易成功优惠券支付金额结算
180403-508658512641789,2018/5/2 15:10,3,0,优惠券结算,交易成功优惠券支付金额结算
180416-364325166730669,2018/5/2 14:48,0.5,0,优惠券结算,交易成功优惠券支付金额结算
180427-494999644162477,2018/5/2 14:39,5,0,优惠券结算,交易成功优惠券支付金额结算
180427-342906163202060,2018/5/2 14:20,3,0,优惠券结算,交易成功优惠券支付金额结算
180427-408834371842233,2018/5/2 14:12,5,0,优惠券结算,交易成功优惠券支付金额结算
180427-346613570560555,2018/5/2 14:01,0.5,0,优惠券结算,交易成功优惠券支付金额结算
180403-485083139842928,2018/5/2 14:00,10,0,优惠券结算,交易成功优惠券支付金额结算
180427-348837116162323,2018/5/2 13:46,5,0,优惠券结算,交易成功优惠券支付金额结算
180423-239428720643041,2018/5/2 13:46,0.73,0,优惠券结算,交易成功优惠券支付金额结算
180423-353143185282063,2018/5/2 13:44,10,0,优惠券结算,交易成功优惠券支付金额结算
180424-363264501761830,2018/5/2 13:37,10,0,优惠券结算,交易成功优惠券支付金额结算
180429-368879105282835,2018/5/2 12:25,10,0,优惠券结算,交易成功优惠券支付金额结算
180430-251454178562312,2018/5/2 12:12,4,0,优惠券结算,交易成功优惠券支付金额结算
180428-430013246721654,2018/5/2 11:57,0.5,0,优惠券结算,交易成功优惠券支付金额结算
180426-485980815360532,2018/5/2 11:08,10,0,优惠券结算,交易成功优惠券支付金额结算
180429-342916318082468,2018/5/2 10:46,3,0,优惠券结算,交易成功优惠券支付金额结算
180427-295507435521067,2018/5/2 10:38,0.5,0,优惠券结算,交易成功优惠券支付金额结算
180427-387337294083824,2018/5/2 8:29,0.77,0,优惠券结算,交易成功优惠券支付金额结算
180427-289549380481479,2018/5/2 8:03,3,0,优惠券结算,交易成功优惠券支付金额结算
180420-129811796480538,2018/5/2 6:52,10,0,优惠券结算,交易成功优惠券支付金额结算
180427-299417063680896,2018/5/2 2:48,10,0,优惠券结算,交易成功优惠券支付金额结算
180429-103036528640266,2018/5/2 1:00,0.5,0,优惠券结算,交易成功优惠券支付金额结算
180501-361182680960164,2018/5/1 22:37,0,-1.09,优惠券结算,退款扣除优惠券支付金额
180501-361182680960164,2018/5/1 22:37,1.09,0,优惠券结算,交易成功优惠券支付金额结算
180426-393688602882298,2018/5/1 22:33,1,0,优惠券结算,交易成功优惠券支付金额结算
180422-473285290880594,2018/5/1 22:23,10,0,优惠券结算,交易成功优惠券支付金额结算
180426-424948291842706,2018/5/1 21:50,10,0,优惠券结算,交易成功优惠券支付金额结算
180403-507670240001898,2018/5/1 21:50,0.5,0,优惠券结算,交易成功优惠券支付金额结算
180501-442512391040136,2018/5/1 20:58,0,-0.65,优惠券结算,退款扣除优惠券支付金额
180501-442512391040136,2018/5/1 20:58,0.65,0,优惠券结算,交易成功优惠券支付金额结算
180427-296836725763854,2018/5/1 20:52,3,0,优惠券结算,交易成功优惠券支付金额结算
180405-419728883201996,2018/5/1 20:47,10,0,优惠券结算,交易成功优惠券支付金额结算
180406-531538394241382,2018/5/1 20:25,3,0,优惠券结算,交易成功优惠券支付金额结算
180429-292575812482974,2018/5/1 19:56,10,0,优惠券结算,交易成功优惠券支付金额结算
180428-296323271682481,2018/5/1 19:38,0.71,0,优惠券结算,交易成功优惠券支付金额结算
180428-102553944323150,2018/5/1 19:26,10,0,优惠券结算,交易成功优惠券支付金额结算
180429-298538549121505,2018/5/1 19:24,0.79,0,优惠券结算,交易成功优惠券支付金额结算
180428-517669505281831,2018/5/1 18:49,10,0,优惠券结算,交易成功优惠券支付金额结算
180428-540973706240965,2018/5/1 18:39,0.67,0,优惠券结算,交易成功优惠券支付金额结算
180422-411833681923125,2018/5/1 18:23,10,0,优惠券结算,交易成功优惠券支付金额结算
180427-395086863361301,2018/5/1 17:15,1,0,优惠券结算,交易成功优惠券支付金额结算
180501-388067539202890,2018/5/1 17:04,0,-5,优惠券结算,退款补用户优惠券
180501-388067539202890,2018/5/1 17:04,5,0,优惠券结算,交易成功优惠券支付金额结算
180427-319084867840373,2018/5/1 17:01,0.68,0,优惠券结算,交易成功优惠券支付金额结算
180427-352125037442121,2018/5/1 16:43,3,0,优惠券结算,交易成功优惠券支付金额结算
180429-239613319041782,2018/5/1 16:12,10,0,优惠券结算,交易成功优惠券支付金额结算
180428-383870961923626,2018/5/1 15:59,4,0,优惠券结算,交易成功优惠券支付金额结算
180415-466675239680496,2018/5/1 15:50,0.77,0,优惠券结算,交易成功优惠券支付金额结算
180415-511042480000061,2018/5/1 15:49,3,0,优惠券结算,交易成功优惠券支付金额结算
180501-382966329601541,2018/5/1 15:26,0,-0.5,优惠券结算,退款扣除优惠券支付金额
180501-382966329601541,2018/5/1 15:26,0.5,0,优惠券结算,交易成功优惠券支付金额结算
180404-452271137922148,2018/5/1 15:09,3,0,优惠券结算,交易成功优惠券支付金额结算
180418-489572204162710,2018/5/1 14:46,10,0,优惠券结算,交易成功优惠券支付金额结算
180403-492720444162806,2018/5/1 14:14,3,0,优惠券结算,交易成功优惠券支付金额结算
180428-482517464323028,2018/5/1 14:09,10,0,优惠券结算,交易成功优惠券支付金额结算
180422-502008162563243,2018/5/1 13:46,20,0,优惠券结算,交易成功优惠券支付金额结算
180426-515594824960649,2018/5/1 13:42,0.5,0,优惠券结算,交易成功优惠券支付金额结算
180426-462431923201526,2018/5/1 13:31,0.5,0,优惠券结算,交易成功优惠券支付金额结算
180428-490960450560957,2018/5/1 12:59,0.5,0,优惠券结算,交易成功优惠券支付金额结算
180427-330589441283998,2018/5/1 12:59,0.79,0,优惠券结算,交易成功优惠券支付金额结算
180428-478798310411304,2018/5/1 11:41,1.01,0,优惠券结算,交易成功优惠券支付金额结算
180428-334386628481490,2018/5/1 11:02,1.56,0,优惠券结算,交易成功优惠券支付金额结算
180427-355231832322089,2018/5/1 10:38,0.78,0,优惠券结算,交易成功优惠券支付金额结算
180430-377949462411729,2018/5/1 10:07,0,-5,优惠券结算,退款扣除优惠券支付金额
180430-377949462411729,2018/5/1 10:07,5,0,优惠券结算,交易成功优惠券支付金额结算
180412-364081263361173,2018/5/1 9:36,3,0,优惠券结算,交易成功优惠券支付金额结算
180423-347231600641178,2018/5/1 9:12,10,0,优惠券结算,交易成功优惠券支付金额结算
180422-359156896001809,2018/5/1 8:46,10,0,优惠券结算,交易成功优惠券支付金额结算
180405-390207107201433,2018/5/1 7:42,5,0,优惠券结算,交易成功优惠券支付金额结算
180428-285004002563361,2018/5/1 7:10,1,0,优惠券结算,交易成功优惠券支付金额结算
180426-517005370241644,2018/5/1 5:16,10,0,优惠券结算,交易成功优惠券支付金额结算
180403-445775552652831,2018/4/30 23:56,10,0,优惠券结算,交易成功优惠券支付金额结算
180404-533120893443187,2018/4/30 23:23,0.78,0,优惠券结算,交易成功优惠券支付金额结算
180428-211102547843690,2018/4/30 22:21,10,0,优惠券结算,交易成功优惠券支付金额结算
180427-509269908482124,2018/4/30 22:13,0.5,0,优惠券结算,交易成功优惠券支付金额结算
180405-424292939532891,2018/4/30 22:10,5,0,优惠券结算,交易成功优惠券支付金额结算
180426-435245608960645,2018/4/30 22:09,10,0,优惠券结算,交易成功优惠券支付金额结算
180428-289020057602622,2018/4/30 22:08,0.5,0,优惠券结算,交易成功优惠券支付金额结算
180427-352630924162798,2018/4/30 22:05,0.61,0,优惠券结算,交易成功优惠券支付金额结算
180427-280105145600534,2018/4/30 21:13,0.62,0,优惠券结算,交易成功优惠券支付金额结算
180404-459491223041631,2018/4/30 21:11,0.7,0,优惠券结算,交易成功优惠券支付金额结算
180427-530934637440897,2018/4/30 21:01,10,0,优惠券结算,交易成功优惠券支付金额结算
180427-114536207363732,2018/4/30 20:55,3,0,优惠券结算,交易成功优惠券支付金额结算
180427-442431827201016,2018/4/30 20:23,3,0,优惠券结算,交易成功优惠券支付金额结算
180427-419585374081555,2018/4/30 20:22,0.69,0,优惠券结算,交易成功优惠券支付金额结算
180426-514298429441216,2018/4/30 20:10,10,0,优惠券结算,交易成功优惠券支付金额结算
180428-215050517762464,2018/4/30 19:49,3,0,优惠券结算,交易成功优惠券支付金额结算
180428-293607389441715,2018/4/30 18:44,3,0,优惠券结算,交易成功优惠券支付金额结算
180414-483429594882533,2018/4/30 18:19,3,0,优惠券结算,交易成功优惠券支付金额结算
180415-255859786242420,2018/4/30 18:19,1.38,0,优惠券结算,交易成功优惠券支付金额结算
180414-375723426562436,2018/4/30 18:19,10,0,优惠券结算,交易成功优惠券支付金额结算
180414-399614686720856,2018/4/30 18:19,1,0,优惠券结算,交易成功优惠券支付金额结算
180414-374899909120698,2018/4/30 18:19,10,0,优惠券结算,交易成功优惠券支付金额结算
180403-485379116163434,2018/4/30 18:09,0.5,0,优惠券结算,交易成功优惠券支付金额结算
180422-384284371202260,2018/4/30 17:18,3,0,优惠券结算,交易成功优惠券支付金额结算
180428-239398984962247,2018/4/30 16:53,18.7,0,优惠券结算,交易成功优惠券支付金额结算
180422-478589196163762,2018/4/30 16:42,0.78,0,优惠券结算,交易成功优惠券支付金额结算
180428-213369267202790,2018/4/30 16:18,10,0,优惠券结算,交易成功优惠券支付金额结算
180427-264741939203289,2018/4/30 15:35,5,0,优惠券结算,交易成功优惠券支付金额结算
180428-270533898242921,2018/4/30 15:15,10,0,优惠券结算,交易成功优惠券支付金额结算
180427-334470272003973,2018/4/30 14:56,0.68,0,优惠券结算,交易成功优惠券支付金额结算
180427-481689770240507,2018/4/30 14:50,1.31,0,优惠券结算,交易成功优惠券支付金额结算
180422-528797011202226,2018/4/30 14:25,10,0,优惠券结算,交易成功优惠券支付金额结算
180426-388394441600416,2018/4/30 13:50,3,0,优惠券结算,交易成功优惠券支付金额结算
180407-479090931841151,2018/4/30 13:26,10,0,优惠券结算,交易成功优惠券支付金额结算
180428-241332875520256,2018/4/30 13:08,0.79,0,优惠券结算,交易成功优惠券支付金额结算
180427-392511192322204,2018/4/30 13:03,10,0,优惠券结算,交易成功优惠券支付金额结算
180426-468415928321488,2018/4/30 12:43,19.9,0,优惠券结算,交易成功优惠券支付金额结算
180422-522865587203085,2018/4/30 12:42,3,0,优惠券结算,交易成功优惠券支付金额结算
180426-442412083202652,2018/4/30 12:17,10,0,优惠券结算,交易成功优惠券支付金额结算
180426-455973812493696,2018/4/30 12:09,10,0,优惠券结算,交易成功优惠券支付金额结算
180428-283962562561388,2018/4/30 11:27,3,0,优惠券结算,交易成功优惠券支付金额结算
180428-542505755523861,2018/4/30 10:42,0,-1,优惠券结算,退款扣除优惠券支付金额
180428-542505755523861,2018/4/30 10:42,1,0,优惠券结算,交易成功优惠券支付金额结算
180426-514894726401178,2018/4/30 9:14,3,0,优惠券结算,交易成功优惠券支付金额结算
180426-396981055360310,2018/4/30 8:44,10,0,优惠券结算,交易成功优惠券支付金额结算
180430-250811014402890,2018/4/30 8:31,0,-10,优惠券结算,退款补用户优惠券
180430-250811014402890,2018/4/30 8:31,10,0,优惠券结算,交易成功优惠券支付金额结算
180407-234382882562725,2018/4/30 6:58,10,0,优惠券结算,交易成功优惠券支付金额结算
180423-305509734400922,2018/4/30 6:53,10,0,优惠券结算,交易成功优惠券支付金额结算
180403-473981622401629,2018/4/30 6:43,0.5,0,优惠券结算,交易成功优惠券支付金额结算
180425-487129872651565,2018/4/30 1:53,10,0,优惠券结算,交易成功优惠券支付金额结算
180418-421091709450250,2018/4/30 1:00,10,0,优惠券结算,交易成功优惠券支付金额结算
180427-284378958083973,2018/4/30 0:57,10,0,优惠券结算,交易成功优惠券支付金额结算
180423-353560111362534,2018/4/29 22:33,10,0,优惠券结算,交易成功优惠券支付金额结算
180426-452785645441971,2018/4/29 22:06,10,0,优惠券结算,交易成功优惠券支付金额结算
180429-502747004160510,2018/4/29 22:01,0,-0.5,优惠券结算,退款扣除优惠券支付金额
180429-502747004160510,2018/4/29 22:01,0.5,0,优惠券结算,交易成功优惠券支付金额结算
180406-477227456003099,2018/4/29 21:54,0.5,0,优惠券结算,交易成功优惠券支付金额结算
180406-490016217603396,2018/4/29 21:41,0.5,0,优惠券结算,交易成功优惠券支付金额结算
180427-185756894083700,2018/4/29 20:37,0.5,0,优惠券结算,交易成功优惠券支付金额结算
180427-286002227201535,2018/4/29 20:31,1.45,0,优惠券结算,交易成功优惠券支付金额结算
180420-410408519683140,2018/4/29 20:24,0.5,0,优惠券结算,交易成功优惠券支付金额结算
180423-232790934401027,2018/4/29 20:19,10,0,优惠券结算,交易成功优惠券支付金额结算
180426-529551607681268,2018/4/29 20:06,10,0,优惠券结算,交易成功优惠券支付金额结算
180404-340100825601688,2018/4/29 19:50,10,0,优惠券结算,交易成功优惠券支付金额结算
180407-504709296642563,2018/4/29 19:34,3,0,优惠券结算,交易成功优惠券支付金额结算
180423-337500912642227,2018/4/29 19:22,10,0,优惠券结算,交易成功优惠券支付金额结算
180427-287960099842298,2018/4/29 19:01,5,0,优惠券结算,交易成功优惠券支付金额结算
180412-444075600654011,2018/4/29 17:58,0.78,0,优惠券结算,交易成功优惠券支付金额结算
180422-512219294722185,2018/4/29 17:37,3,0,优惠券结算,交易成功优惠券支付金额结算
180426-531445392642952,2018/4/29 17:28,0.79,0,优惠券结算,交易成功优惠券支付金额结算
180424-336946617613354,2018/4/29 16:48,10,0,优惠券结算,交易成功优惠券支付金额结算
180414-326225497602357,2018/4/29 16:36,10,0,优惠券结算,交易成功优惠券支付金额结算
180427-299319246720710,2018/4/29 16:31,5,0,优惠券结算,交易成功优惠券支付金额结算
180422-481114137600584,2018/4/29 16:21,0.63,0,优惠券结算,交易成功优惠券支付金额结算
180422-480185791362615,2018/4/29 15:41,5,0,优惠券结算,交易成功优惠券支付金额结算
180411-520589048321556,2018/4/29 15:22,0.5,0,优惠券结算,交易成功优惠券支付金额结算
180426-433336166401366,2018/4/29 15:09,10,0,优惠券结算,交易成功优惠券支付金额结算
180405-511670388480731,2018/4/29 14:57,5,0,优惠券结算,交易成功优惠券支付金额结算
180427-268272798722162,2018/4/29 14:35,5,0,优惠券结算,交易成功优惠券支付金额结算
180426-472505580803093,2018/4/29 14:05,10,0,优惠券结算,交易成功优惠券支付金额结算
180407-407885888003829,2018/4/29 14:01,10,0,优惠券结算,交易成功优惠券支付金额结算
180420-226283704322185,2018/4/29 13:54,10,0,优惠券结算,交易成功优惠券支付金额结算
180406-518315752962590,2018/4/29 13:37,3,0,优惠券结算,交易成功优惠券支付金额结算
180406-226303087362296,2018/4/29 13:28,10,0,优惠券结算,交易成功优惠券支付金额结算
180422-496689648640679,2018/4/29 13:28,0.5,0,优惠券结算,交易成功优惠券支付金额结算
180422-520430905602315,2018/4/29 13:13,0.5,0,优惠券结算,交易成功优惠券支付金额结算
180407-499708133121903,2018/4/29 12:53,0.67,0,优惠券结算,交易成功优惠券支付金额结算
180422-378901495681587,2018/4/29 12:36,3,0,优惠券结算,交易成功优惠券支付金额结算
180422-489372976003766,2018/4/29 11:56,10,0,优惠券结算,交易成功优惠券支付金额结算
180427-303938331522121,2018/4/29 11:22,10,0,优惠券结算,交易成功优惠券支付金额结算
180418-499557859843436,2018/4/29 11:08,3,0,优惠券结算,交易成功优惠券支付金额结算
180419-377080604163203,2018/4/29 10:59,10,0,优惠券结算,交易成功优惠券支付金额结算
180422-521851622403931,2018/4/29 10:53,10,0,优惠券结算,交易成功优惠券支付金额结算
180406-413724578562825,2018/4/29 10:53,10,0,优惠券结算,交易成功优惠券支付金额结算
180422-438029774081660,2018/4/29 10:37,0.69,0,优惠券结算,交易成功优惠券支付金额结算
180419-315760411523652,2018/4/29 7:49,3,0,优惠券结算,交易成功优惠券支付金额结算
180422-411710346241016,2018/4/29 1:26,0.5,0,优惠券结算,交易成功优惠券支付金额结算
180423-324978938883943,2018/4/28 22:44,10,0,优惠券结算,交易成功优惠券支付金额结算
180405-495066366721111,2018/4/28 22:30,0.5,0,优惠券结算,交易成功优惠券支付金额结算
180411-526182475521368,2018/4/28 21:59,0.79,0,优惠券结算,交易成功优惠券支付金额结算
180403-280608509440393,2018/4/28 21:58,15,0,优惠券结算,交易成功优惠券支付金额结算
180419-472241034882135,2018/4/28 21:30,10,0,优惠券结算,交易成功优惠券支付金额结算
180423-230410277760450,2018/4/28 20:17,10,0,优惠券结算,交易成功优惠券支付金额结算
180405-394066849280330,2018/4/28 20:11,0.5,0,优惠券结算,交易成功优惠券支付金额结算
180426-531125797763611,2018/4/28 19:56,0.5,0,优惠券结算,交易成功优惠券支付金额结算
180409-447927985922504,2018/4/28 19:43,10,0,优惠券结算,交易成功优惠券支付金额结算
180406-460076127362440,2018/4/28 19:38,0.73,0,优惠券结算,交易成功优惠券支付金额结算
180415-398373216011960,2018/4/28 19:25,3,0,优惠券结算,交易成功优惠券支付金额结算
180401-476575818243716,2018/4/28 19:03,0.5,0,优惠券结算,交易成功优惠券支付金额结算
180404-283985565440133,2018/4/28 18:54,10,0,优惠券结算,交易成功优惠券支付金额结算
180403-477126700803608,2018/4/28 18:53,3,0,优惠券结算,交易成功优惠券支付金额结算
180406-507059592961079,2018/4/28 18:32,1,0,优惠券结算,交易成功优惠券支付金额结算
180407-458894400001237,2018/4/28 18:28,3,0,优惠券结算,交易成功优惠券支付金额结算
180422-351041066881239,2018/4/28 18:07,14.15,0,优惠券结算,交易成功优惠券支付金额结算
180404-491054682241052,2018/4/28 18:01,20,0,优惠券结算,交易成功优惠券支付金额结算
180423-293702371202640,2018/4/28 17:45,10,0,优惠券结算,交易成功优惠券支付金额结算
180404-289567168002280,2018/4/28 17:11,3,0,优惠券结算,交易成功优惠券支付金额结算
180404-316236214400689,2018/4/28 16:39,10,0,优惠券结算,交易成功优惠券支付金额结算
180425-106401322241750,2018/4/28 16:34,10,0,优惠券结算,交易成功优惠券支付金额结算
180422-426608261122043,2018/4/28 16:06,10,0,优惠券结算,交易成功优惠券支付金额结算
180420-543393593603458,2018/4/28 15:54,0.69,0,优惠券结算,交易成功优惠券支付金额结算
180407-220525791360920,2018/4/28 15:22,0.75,0,优惠券结算,交易成功优惠券支付金额结算
180423-277227849601497,2018/4/28 15:15,10,0,优惠券结算,交易成功优惠券支付金额结算
180420-447459058561067,2018/4/28 15:09,0.2,0,优惠券结算,交易成功优惠券支付金额结算
180407-306054428162845,2018/4/28 14:55,0.5,0,优惠券结算,交易成功优惠券支付金额结算
180403-271915538560758,2018/4/28 14:01,10,0,优惠券结算,交易成功优惠券支付金额结算
180404-261722028803116,2018/4/28 13:40,10,0,优惠券结算,交易成功优惠券支付金额结算
180422-493931289601758,2018/4/28 13:32,0.68,0,优惠券结算,交易成功优惠券支付金额结算
180422-346998698880964,2018/4/28 13:19,1.06,0,优惠券结算,交易成功优惠券支付金额结算
180422-478760839040062,2018/4/28 13:19,0.63,0,优惠券结算,交易成功优惠券支付金额结算
180422-478965807361037,2018/4/28 13:03,0.5,0,优惠券结算,交易成功优惠券支付金额结算
180419-275953446403608,2018/4/28 12:59,10,0,优惠券结算,交易成功优惠券支付金额结算
180406-297782545923271,2018/4/28 12:59,10,0,优惠券结算,交易成功优惠券支付金额结算
180423-310789567360302,2018/4/28 12:37,10,0,优惠券结算,交易成功优惠券支付金额结算
180423-248103267202690,2018/4/28 12:26,10,0,优惠券结算,交易成功优惠券支付金额结算
180407-398097273603118,2018/4/28 12:26,10,0,优惠券结算,交易成功优惠券支付金额结算
180405-445768476163391,2018/4/28 12:17,3,0,优惠券结算,交易成功优惠券支付金额结算
180405-521498750083713,2018/4/28 11:16,10,0,优惠券结算,交易成功优惠券支付金额结算
180406-428409757441625,2018/4/28 11:15,0.5,0,优惠券结算,交易成功优惠券支付金额结算
180423-228832979843217,2018/4/28 11:05,5,0,优惠券结算,交易成功优惠券支付金额结算
180422-513259982080196,2018/4/28 10:31,1.02,0,优惠券结算,交易成功优惠券支付金额结算
180418-298152424321046,2018/4/28 9:58,0.5,0,优惠券结算,交易成功优惠券支付金额结算
180422-358901360642953,2018/4/28 9:14,0.63,0,优惠券结算,交易成功优惠券支付金额结算
180423-301585203202953,2018/4/28 9:09,0.5,0,优惠券结算,交易成功优惠券支付金额结算
180422-497580570882227,2018/4/28 8:23,3,0,优惠券结算,交易成功优惠券支付金额结算
180423-372483657600874,2018/4/28 8:04,10,0,优惠券结算,交易成功优惠券支付金额结算
180404-234157365760111,2018/4/28 7:12,10,0,优惠券结算,交易成功优惠券支付金额结算
180406-508622446083517,2018/4/28 6:34,0.76,0,优惠券结算,交易成功优惠券支付金额结算
180406-497883942402059,2018/4/28 0:05,1,0,优惠券结算,交易成功优惠券支付金额结算
180423-132625204483976,2018/4/27 23:20,0.68,0,优惠券结算,交易成功优惠券支付金额结算
180422-530509552643807,2018/4/27 23:08,0.5,0,优惠券结算,交易成功优惠券支付金额结算
180427-500005254400273,2018/4/27 23:00,0,-1,优惠券结算,退款扣除优惠券支付金额
180427-500005254400273,2018/4/27 23:00,1,0,优惠券结算,交易成功优惠券支付金额结算
180418-487817523842598,2018/4/27 22:30,10,0,优惠券结算,交易成功优惠券支付金额结算
180407-284983242880468,2018/4/27 22:27,1,0,优惠券结算,交易成功优惠券支付金额结算
180423-234616465281806,2018/4/27 22:25,10,0,优惠券结算,交易成功优惠券支付金额结算
180418-492752297600598,2018/4/27 22:02,10,0,优惠券结算,交易成功优惠券支付金额结算
180423-362305041280768,2018/4/27 21:44,10,0,优惠券结算,交易成功优惠券支付金额结算
180404-504193712641344,2018/4/27 21:37,1,0,优惠券结算,交易成功优惠券支付金额结算
180422-344609249281593,2018/4/27 21:36,0.5,0,优惠券结算,交易成功优惠券支付金额结算
180423-312113184642864,2018/4/27 21:25,3,0,优惠券结算,交易成功优惠券支付金额结算
180422-493078400002627,2018/4/27 21:17,0.62,0,优惠券结算,交易成功优惠券支付金额结算
180427-337261672321077,2018/4/27 21:17,0,-0.5,优惠券结算,退款扣除优惠券支付金额
180427-337261672321077,2018/4/27 21:17,0.5,0,优惠券结算,交易成功优惠券支付金额结算
180406-287471747840487,2018/4/27 20:54,3,0,优惠券结算,交易成功优惠券支付金额结算
180422-361163368332129,2018/4/27 20:39,0.5,0,优惠券结算,交易成功优惠券支付金额结算
180405-434025679362307,2018/4/27 20:35,0.64,0,优惠券结算,交易成功优惠券支付金额结算
180402-462688536320548,2018/4/27 20:28,0.75,0,优惠券结算,交易成功优惠券支付金额结算
180405-417567941760198,2018/4/27 20:18,4.44,0,优惠券结算,交易成功优惠券支付金额结算
180406-410779517440272,2018/4/27 20:05,3,0,优惠券结算,交易成功优惠券支付金额结算
180421-496143068160733,2018/4/27 19:53,10,0,优惠券结算,交易成功优惠券支付金额结算
180404-202655802880407,2018/4/27 19:46,3,0,优惠券结算,交易成功优惠券支付金额结算
180404-542726520320770,2018/4/27 19:38,0.5,0,优惠券结算,交易成功优惠券支付金额结算
180407-428290517760679,2018/4/27 19:25,0.73,0,优惠券结算,交易成功优惠券支付金额结算
180423-448358719362906,2018/4/27 19:10,3,0,优惠券结算,交易成功优惠券支付金额结算
180423-317519697922227,2018/4/27 19:08,0.5,0,优惠券结算,交易成功优惠券支付金额结算
180422-459130065920066,2018/4/27 19:06,10,0,优惠券结算,交易成功优惠券支付金额结算
180422-500653149441309,2018/4/27 18:51,0.5,0,优惠券结算,交易成功优惠券支付金额结算
180402-330996881921611,2018/4/27 18:37,0.5,0,优惠券结算,交易成功优惠券支付金额结算
180418-483664005762491,2018/4/27 18:27,0.5,0,优惠券结算,交易成功优惠券支付金额结算
180405-500511475200960,2018/4/27 18:04,0.5,0,优惠券结算,交易成功优惠券支付金额结算
180406-516598520960103,2018/4/27 17:46,3,0,优惠券结算,交易成功优惠券支付金额结算
180405-287975196163074,2018/4/27 17:46,3,0,优惠券结算,交易成功优惠券支付金额结算
180422-359816577283027,2018/4/27 17:35,3,0,优惠券结算,交易成功优惠券支付金额结算
180423-266851518723138,2018/4/27 17:28,10,0,优惠券结算,交易成功优惠券支付金额结算
180422-436450442240219,2018/4/27 17:19,10,0,优惠券结算,交易成功优惠券支付金额结算
180418-406978946563599,2018/4/27 17:16,10,0,优惠券结算,交易成功优惠券支付金额结算
180427-346040030080776,2018/4/27 17:13,0,-1.06,优惠券结算,退款扣除优惠券支付金额
180427-346040030080776,2018/4/27 17:13,1.06,0,优惠券结算,交易成功优惠券支付金额结算
180412-504923380480000,2018/4/27 17:02,3,0,优惠券结算,交易成功优惠券支付金额结算
180422-489428797441575,2018/4/27 16:58,10,0,优惠券结算,交易成功优惠券支付金额结算
180407-292453240323959,2018/4/27 16:47,0.65,0,优惠券结算,交易成功优惠券支付金额结算
180418-380401635851144,2018/4/27 16:41,10,0,优惠券结算,交易成功优惠券支付金额结算
180407-104934167043983,2018/4/27 16:23,0.8,0,优惠券结算,交易成功优惠券支付金额结算
180407-202946487040867,2018/4/27 16:13,10,0,优惠券结算,交易成功优惠券支付金额结算
180406-461679312002089,2018/4/27 15:45,0.5,0,优惠券结算,交易成功优惠券支付金额结算
180405-467814669443167,2018/4/27 15:27,3,0,优惠券结算,交易成功优惠券支付金额结算
180422-483416213761539,2018/4/27 14:50,10,0,优惠券结算,交易成功优惠券支付金额结算
180406-421634783362651,2018/4/27 14:11,0.5,0,优惠券结算,交易成功优惠券支付金额结算
180418-385560542721152,2018/4/27 13:49,0.5,0,优惠券结算,交易成功优惠券支付金额结算
180411-385437545601627,2018/4/27 13:42,3,0,优惠券结算,交易成功优惠券支付金额结算
180423-251781623040201,2018/4/27 13:38,10,0,优惠券结算,交易成功优惠券支付金额结算
180423-246407364482205,2018/4/27 13:31,10,0,优惠券结算,交易成功优惠券支付金额结算
180402-499995763203029,2018/4/27 12:38,0.62,0,优惠券结算,交易成功优惠券支付金额结算
180423-280476467202855,2018/4/27 12:29,0.77,0,优惠券结算,交易成功优惠券支付金额结算
180418-471083220492346,2018/4/27 12:24,10,0,优惠券结算,交易成功优惠券支付金额结算
180418-435198271363834,2018/4/27 12:10,0.78,0,优惠券结算,交易成功优惠券支付金额结算
180419-419817258883455,2018/4/27 12:07,3,0,优惠券结算,交易成功优惠券支付金额结算
180422-406536565762049,2018/4/27 12:02,10,0,优惠券结算,交易成功优惠券支付金额结算
180423-240434792321110,2018/4/27 11:49,0.5,0,优惠券结算,交易成功优惠券支付金额结算
180405-272148559361693,2018/4/27 11:45,0.68,0,优惠券结算,交易成功优惠券支付金额结算
180406-111079923842534,2018/4/27 11:36,10,0,优惠券结算,交易成功优惠券支付金额结算
180413-259861200000891,2018/4/27 11:23,3,0,优惠券结算,交易成功优惠券支付金额结算
180423-251973862400455,2018/4/27 10:40,3,0,优惠券结算,交易成功优惠券支付金额结算
180406-433521667840908,2018/4/27 10:10,3,0,优惠券结算,交易成功优惠券支付金额结算
180405-388790951042773,2018/4/27 9:56,0.5,0,优惠券结算,交易成功优惠券支付金额结算
180402-451887598082543,2018/4/27 9:35,0.78,0,优惠券结算,交易成功优惠券支付金额结算
180405-302856209922063,2018/4/27 9:19,3,0,优惠券结算,交易成功优惠券支付金额结算
180404-266495347202421,2018/4/27 8:48,0.5,0,优惠券结算,交易成功优惠券支付金额结算
180405-540453097600173,2018/4/27 8:14,0.5,0,优惠券结算,交易成功优惠券支付金额结算
180404-498961416964081,2018/4/27 7:33,0.5,0,优惠券结算,交易成功优惠券支付金额结算
180404-239533172483618,2018/4/27 6:35,3,0,优惠券结算,交易成功优惠券支付金额结算
180406-272510590723686,2018/4/27 6:15,3,0,优惠券结算,交易成功优惠券支付金额结算
180416-325810760321936,2018/4/27 6:06,0.8,0,优惠券结算,交易成功优惠券支付金额结算
180416-489142161922167,2018/4/27 6:03,10,0,优惠券结算,交易成功优惠券支付金额结算
180422-488755498240772,2018/4/27 0:53,0.75,0,优惠券结算,交易成功优惠券支付金额结算
180405-498895102093223,2018/4/26 23:18,0.73,0,优惠券结算,交易成功优惠券支付金额结算
180404-349624957452726,2018/4/26 22:49,5,0,优惠券结算,交易成功优惠券支付金额结算
180422-491913436160998,2018/4/26 21:50,10,0,优惠券结算,交易成功优惠券支付金额结算
180407-429509368963539,2018/4/26 21:20,3,0,优惠券结算,交易成功优惠券支付金额结算
180418-494641859201933,2018/4/26 21:14,11.51,0,优惠券结算,交易成功优惠券支付金额结算
180403-250451213443314,2018/4/26 21:11,0.77,0,优惠券结算,交易成功优惠券支付金额结算
180417-321583879042878,2018/4/26 21:06,10,0,优惠券结算,交易成功优惠券支付金额结算
180420-243001038081118,2018/4/26 20:47,3,0,优惠券结算,交易成功优惠券支付金额结算
180419-216432723840227,2018/4/26 20:31,0.74,0,优惠券结算,交易成功优惠券支付金额结算
180411-490171221762717,2018/4/26 20:27,10,0,优惠券结算,交易成功优惠券支付金额结算
180403-339655575681507,2018/4/26 20:20,3,0,优惠券结算,交易成功优惠券支付金额结算
180406-371609669123836,2018/4/26 20:04,5,0,优惠券结算,交易成功优惠券支付金额结算
180407-286419274882463,2018/4/26 20:03,10,0,优惠券结算,交易成功优惠券支付金额结算
180405-511735822081456,2018/4/26 19:55,1.38,0,优惠券结算,交易成功优惠券支付金额结算
180407-270339782402335,2018/4/26 19:51,10,0,优惠券结算,交易成功优惠券支付金额结算
180419-488941903363867,2018/4/26 19:29,0.5,0,优惠券结算,交易成功优惠券支付金额结算
180404-489702270731592,2018/4/26 19:15,0.5,0,优惠券结算,交易成功优惠券支付金额结算
180422-448425125122525,2018/4/26 19:14,10,0,优惠券结算,交易成功优惠券支付金额结算
180406-306742218882057,2018/4/26 19:13,0.61,0,优惠券结算,交易成功优惠券支付金额结算
180405-502773098242172,2018/4/26 19:09,3.99,0,优惠券结算,交易成功优惠券支付金额结算
180407-264117564160201,2018/4/26 19:05,0.7,0,优惠券结算,交易成功优惠券支付金额结算
180422-433990339841618,2018/4/26 19:01,10,0,优惠券结算,交易成功优惠券支付金额结算
180422-483993867521194,2018/4/26 18:42,3,0,优惠券结算,交易成功优惠券支付金额结算
180403-456406100482939,2018/4/26 18:17,10,0,优惠券结算,交易成功优惠券支付金额结算
180402-347109091840085,2018/4/26 18:07,0.5,0,优惠券结算,交易成功优惠券支付金额结算
180423-255450088323908,2018/4/26 17:58,3,0,优惠券结算,交易成功优惠券支付金额结算
180404-427381834240138,2018/4/26 17:52,0.8,0,优惠券结算,交易成功优惠券支付金额结算
180331-352171307530746,2018/4/26 17:50,3,0,优惠券结算,交易成功优惠券支付金额结算
180419-536876715522313,2018/4/26 17:22,10,0,优惠券结算,交易成功优惠券支付金额结算
180407-498340698254028,2018/4/26 17:13,0.5,0,优惠券结算,交易成功优惠券支付金额结算
180422-508598507523825,2018/4/26 16:47,10,0,优惠券结算,交易成功优惠券支付金额结算
180405-501039639680261,2018/4/26 16:26,0.7,0,优惠券结算,交易成功优惠券支付金额结算
180411-331401178242491,2018/4/26 16:24,10,0,优惠券结算,交易成功优惠券支付金额结算
180419-336074876802254,2018/4/26 16:19,10,0,优惠券结算,交易成功优惠券支付金额结算
180405-510842382081425,2018/4/26 16:13,3,0,优惠券结算,交易成功优惠券支付金额结算
180410-336903099522902,2018/4/26 16:09,10,0,优惠券结算,交易成功优惠券支付金额结算
180410-402988899852379,2018/4/26 16:09,10,0,优惠券结算,交易成功优惠券支付金额结算
180410-503980481282345,2018/4/26 16:09,0.71,0,优惠券结算,交易成功优惠券支付金额结算
180405-451308352640833,2018/4/26 16:03,10,0,优惠券结算,交易成功优惠券支付金额结算
180419-485493571203477,2018/4/26 15:45,10,0,优惠券结算,交易成功优惠券支付金额结算
180404-413499964161200,2018/4/26 15:05,3,0,优惠券结算,交易成功优惠券支付金额结算
180422-345313653763741,2018/4/26 15:01,3,0,优惠券结算,交易成功优惠券支付金额结算
180418-352922042882402,2018/4/26 14:35,0.5,0,优惠券结算,交易成功优惠券支付金额结算
180422-493194163200947,2018/4/26 13:51,0.5,0,优惠券结算,交易成功优惠券支付金额结算
180403-107874234882894,2018/4/26 13:33,0.8,0,优惠券结算,交易成功优惠券支付金额结算
180418-508579714562863,2018/4/26 12:53,10,0,优惠券结算,交易成功优惠券支付金额结算
180404-477246067203212,2018/4/26 12:48,5,0,优惠券结算,交易成功优惠券支付金额结算
180418-503740229123349,2018/4/26 12:42,3,0,优惠券结算,交易成功优惠券支付金额结算
180407-311397697281048,2018/4/26 12:17,0.7,0,优惠券结算,交易成功优惠券支付金额结算
180407-458863768320533,2018/4/26 11:30,10,0,优惠券结算,交易成功优惠券支付金额结算
180419-398091675522522,2018/4/26 11:10,10,0,优惠券结算,交易成功优惠券支付金额结算
180422-433911773440661,2018/4/26 10:58,3,0,优惠券结算,交易成功优惠券支付金额结算
180406-267726590080198,2018/4/26 10:03,0.5,0,优惠券结算,交易成功优惠券支付金额结算
180406-229562443520191,2018/4/25 22:15,0.66,0,优惠券结算,交易成功优惠券支付金额结算
180422-393545667842932,2018/4/25 20:35,10,0,优惠券结算,交易成功优惠券支付金额结算
180422-481582471044032,2018/4/25 15:14,8,0,优惠券结算,交易成功优惠券支付金额结算
180409-478799337601918,2018/4/25 13:50,3,0,优惠券结算,交易成功优惠券支付金额结算
180409-429329748483903,2018/4/25 13:50,0.5,0,优惠券结算,交易成功优惠券支付金额结算
180410-273236734082345,2018/4/25 13:50,0.63,0,优惠券结算,交易成功优惠券支付金额结算
180409-501019174403309,2018/4/25 13:50,25.8,0,优惠券结算,交易成功优惠券支付金额结算
180409-391119246082700,2018/4/25 13:50,10,0,优惠券结算,交易成功优惠券支付金额结算
180410-224595843843163,2018/4/25 13:50,3,0,优惠券结算,交易成功优惠券支付金额结算
180422-378537376640078,2018/4/25 12:38,0,-10,优惠券结算,退款补用户优惠券
180422-378537376640078,2018/4/25 12:38,10,0,优惠券结算,交易成功优惠券支付金额结算
180422-379597169921973,2018/4/24 21:35,0,-0.5,优惠券结算,退款扣除优惠券支付金额
180422-379597169921973,2018/4/24 21:35,0.5,0,优惠券结算,交易成功优惠券支付金额结算
180408-520678955521945,2018/4/24 15:08,3,0,优惠券结算,交易成功优惠券支付金额结算
180408-404417968642685,2018/4/24 15:08,3,0,优惠券结算,交易成功优惠券支付金额结算
180422-333787668481497,2018/4/24 13:06,0,-0.5,优惠券结算,退款扣除优惠券支付金额
180422-333787668481497,2018/4/24 13:06,0.5,0,优惠券结算,交易成功优惠券支付金额结算
180420-180335479042458,2018/4/24 13:02,0,-10,优惠券结算,退款补用户优惠券
180420-180335479042458,2018/4/24 13:02,10,0,优惠券结算,交易成功优惠券支付金额结算
180406-366444439050954,2018/4/24 12:52,0,-3,优惠券结算,退款补用户优惠券
180406-366444439050954,2018/4/24 12:52,3,0,优惠券结算,交易成功优惠券支付金额结算
180402-410019735041668,2018/4/24 12:16,0,-0.5,优惠券结算,退款扣除优惠券支付金额
180402-410019735041668,2018/4/24 12:16,0.5,0,优惠券结算,交易成功优惠券支付金额结算
180419-419099694733541,2018/4/24 11:59,0,-0.5,优惠券结算,退款扣除优惠券支付金额
180419-419099694733541,2018/4/24 11:59,0.5,0,优惠券结算,交易成功优惠券支付金额结算
180423-526328300811487,2018/4/23 23:04,0,-10,优惠券结算,退款补用户优惠券
180423-526328300811487,2018/4/23 23:04,10,0,优惠券结算,交易成功优惠券支付金额结算
180419-295639501441118,2018/4/23 22:58,10,0,优惠券结算,交易成功优惠券支付金额结算
180420-499870310402355,2018/4/23 22:56,10,0,优惠券结算,交易成功优惠券支付金额结算
180403-443950236801176,2018/4/23 16:19,0,-0.75,优惠券结算,退款扣除优惠券支付金额
180403-443950236801176,2018/4/23 16:19,0.75,0,优惠券结算,交易成功优惠券支付金额结算
180423-300743646082047,2018/4/23 15:51,0,-5,优惠券结算,退款补用户优惠券
180423-300743646082047,2018/4/23 15:51,5,0,优惠券结算,交易成功优惠券支付金额结算
180407-423390523521118,2018/4/23 15:35,8.88,0,优惠券结算,交易成功优惠券支付金额结算
180408-189854037763680,2018/4/23 15:35,10,0,优惠券结算,交易成功优惠券支付金额结算
180407-515731444482534,2018/4/23 15:35,3,0,优惠券结算,交易成功优惠券支付金额结算
180408-219043719683509,2018/4/23 15:27,3,0,优惠券结算,交易成功优惠券支付金额结算
180405-376850778240713,2018/4/23 14:55,0,-3,优惠券结算,退款补用户优惠券
180405-376850778240713,2018/4/23 14:55,3,0,优惠券结算,交易成功优惠券支付金额结算
180418-279857112963932,2018/4/23 14:12,0.8,0,优惠券结算,交易成功优惠券支付金额结算
180415-477855635201437,2018/4/23 14:01,10,0,优惠券结算,交易成功优惠券支付金额结算
180422-507953818881303,2018/4/23 13:44,0,-0.5,优惠券结算,退款扣除优惠券支付金额
180422-507953818881303,2018/4/23 13:44,0.5,0,优惠券结算,交易成功优惠券支付金额结算
180405-508434705923539,2018/4/23 13:26,0,-0.66,优惠券结算,退款扣除优惠券支付金额
180405-508434705923539,2018/4/23 13:26,0.66,0,优惠券结算,交易成功优惠券支付金额结算
180423-227941854081728,2018/4/23 13:10,0,-0.5,优惠券结算,退款扣除优惠券支付金额
180423-227941854081728,2018/4/23 13:10,0.5,0,优惠券结算,交易成功优惠券支付金额结算
180422-339603212160508,2018/4/23 9:37,0,-10,优惠券结算,退款补用户优惠券
180422-339603212160508,2018/4/23 9:37,10,0,优惠券结算,交易成功优惠券支付金额结算
180422-503263575043325,2018/4/23 9:26,0,-10,优惠券结算,退款补用户优惠券
180422-503263575043325,2018/4/23 9:26,10,0,优惠券结算,交易成功优惠券支付金额结算
180417-289827006080751,2018/4/23 9:24,10,0,优惠券结算,交易成功优惠券支付金额结算
180422-528115865601917,2018/4/23 8:59,0,-10,优惠券结算,退款补用户优惠券
180422-528115865601917,2018/4/23 8:59,10,0,优惠券结算,交易成功优惠券支付金额结算
180407-356739536001979,2018/4/23 7:07,0,-0.5,优惠券结算,退款扣除优惠券支付金额
180407-356739536001979,2018/4/23 7:07,0.5,0,优惠券结算,交易成功优惠券支付金额结算
180418-485879385601258,2018/4/22 21:46,0,-0.63,优惠券结算,退款扣除优惠券支付金额
180418-485879385601258,2018/4/22 21:46,0.63,0,优惠券结算,交易成功优惠券支付金额结算
180422-496854385922581,2018/4/22 21:27,0,-10,优惠券结算,退款补用户优惠券
180422-496854385922581,2018/4/22 21:27,10,0,优惠券结算,交易成功优惠券支付金额结算
180419-520134053763641,2018/4/22 19:24,0,-0.5,优惠券结算,退款扣除优惠券支付金额
180419-520134053763641,2018/4/22 19:24,0.5,0,优惠券结算,交易成功优惠券支付金额结算
180419-507413740163328,2018/4/22 17:28,3,0,优惠券结算,交易成功优惠券支付金额结算
180419-284677439361310,2018/4/22 16:25,10,0,优惠券结算,交易成功优惠券支付金额结算
180407-294405056642007,2018/4/22 16:15,1.1,0,优惠券结算,交易成功优惠券支付金额结算
180406-473303776004025,2018/4/22 16:15,0.67,0,优惠券结算,交易成功优惠券支付金额结算
180406-436488292480939,2018/4/22 16:15,10,0,优惠券结算,交易成功优惠券支付金额结算
180407-252073198081347,2018/4/22 16:15,3,0,优惠券结算,交易成功优惠券支付金额结算
180407-289818606722351,2018/4/22 16:15,3,0,优惠券结算,交易成功优惠券支付金额结算
180406-389670233603897,2018/4/22 16:14,10,0,优惠券结算,交易成功优惠券支付金额结算
180407-292979904001702,2018/4/22 16:14,10,0,优惠券结算,交易成功优惠券支付金额结算
180407-261147502720677,2018/4/22 16:14,1.01,0,优惠券结算,交易成功优惠券支付金额结算
180407-106362104962689,2018/4/22 16:14,0.59,0,优惠券结算,交易成功优惠券支付金额结算
180406-310194613762672,2018/4/22 16:14,3,0,优惠券结算,交易成功优惠券支付金额结算
180406-343758764801575,2018/4/22 16:14,10,0,优惠券结算,交易成功优惠券支付金额结算
180406-513204713602027,2018/4/22 16:14,0.71,0,优惠券结算,交易成功优惠券支付金额结算
180406-361627534081517,2018/4/22 16:14,0.5,0,优惠券结算,交易成功优惠券支付金额结算
180406-398103601280487,2018/4/22 16:14,3,0,优惠券结算,交易成功优惠券支付金额结算
180406-427437156480970,2018/4/22 16:14,3,0,优惠券结算,交易成功优惠券支付金额结算
180406-335073452802512,2018/4/22 16:14,10,0,优惠券结算,交易成功优惠券支付金额结算
180406-304439765773443,2018/4/22 16:14,10,0,优惠券结算,交易成功优惠券支付金额结算
180409-390444209923282,2018/4/22 15:45,3,0,优惠券结算,交易成功优惠券支付金额结算
180407-254388625922969,2018/4/22 10:21,10,0,优惠券结算,交易成功优惠券支付金额结算
180403-485037663360386,2018/4/21 20:47,0,-3,优惠券结算,退款补用户优惠券
180403-485037663360386,2018/4/21 20:47,3,0,优惠券结算,交易成功优惠券支付金额结算
180419-271865979522814,2018/4/21 17:32,0.77,0,优惠券结算,交易成功优惠券支付金额结算
180406-234372067842902,2018/4/21 16:36,3,0,优惠券结算,交易成功优惠券支付金额结算
180405-496499792641325,2018/4/21 16:36,3,0,优惠券结算,交易成功优惠券支付金额结算
180406-208891225602255,2018/4/21 16:36,10,0,优惠券结算,交易成功优惠券支付金额结算
180405-407512641280117,2018/4/21 16:36,3,0,优惠券结算,交易成功优惠券支付金额结算
180405-423374702722672,2018/4/21 16:36,3,0,优惠券结算,交易成功优惠券支付金额结算
180405-363479648002137,2018/4/21 16:36,10,0,优惠券结算,交易成功优惠券支付金额结算
180405-499533454080593,2018/4/21 16:36,10,0,优惠券结算,交易成功优惠券支付金额结算
180405-491907766400477,2018/4/21 16:35,0.67,0,优惠券结算,交易成功优惠券支付金额结算
180405-423002360320484,2018/4/21 16:35,13.9,0,优惠券结算,交易成功优惠券支付金额结算
180405-494623531523488,2018/4/21 16:35,3,0,优惠券结算,交易成功优惠券支付金额结算
180405-477626822400892,2018/4/21 16:35,3,0,优惠券结算,交易成功优惠券支付金额结算
180405-443410685440368,2018/4/21 16:35,10,0,优惠券结算,交易成功优惠券支付金额结算
180405-504525305603940,2018/4/21 16:35,3,0,优惠券结算,交易成功优惠券支付金额结算
180406-222614439042378,2018/4/21 16:35,10,0,优惠券结算,交易成功优惠券支付金额结算
180405-358717827842344,2018/4/21 13:17,10,0,优惠券结算,交易成功优惠券支付金额结算
180418-352265431682380,2018/4/20 18:42,3,0,优惠券结算,交易成功优惠券支付金额结算
180404-377785603200891,2018/4/20 15:08,10,0,优惠券结算,交易成功优惠券支付金额结算
180404-519720460802415,2018/4/20 15:08,10,0,优惠券结算,交易成功优惠券支付金额结算
180405-295387896322406,2018/4/20 15:08,3,0,优惠券结算,交易成功优惠券支付金额结算
180404-508288551041835,2018/4/20 15:08,3,0,优惠券结算,交易成功优惠券支付金额结算
180405-294024640642349,2018/4/20 15:08,10,0,优惠券结算,交易成功优惠券支付金额结算
180404-479764191370268,2018/4/20 15:08,3,0,优惠券结算,交易成功优惠券支付金额结算
180405-276908256000720,2018/4/20 15:08,10,0,优惠券结算,交易成功优惠券支付金额结算
180404-501709274881648,2018/4/20 15:07,0.5,0,优惠券结算,交易成功优惠券支付金额结算
180404-502887832323168,2018/4/20 15:07,3,0,优惠券结算,交易成功优惠券支付金额结算
180404-362423308803140,2018/4/20 15:07,10,0,优惠券结算,交易成功优惠券支付金额结算
180404-461061358080507,2018/4/20 15:07,3,0,优惠券结算,交易成功优惠券支付金额结算
180405-278296425604070,2018/4/20 15:07,10,0,优惠券结算,交易成功优惠券支付金额结算
180404-492621110403564,2018/4/20 15:07,3,0,优惠券结算,交易成功优惠券支付金额结算
180405-240364977923545,2018/4/20 15:07,3,0,优惠券结算,交易成功优惠券支付金额结算
180407-478078928002722,2018/4/20 13:51,10,0,优惠券结算,交易成功优惠券支付金额结算
180418-297832352640268,2018/4/20 9:55,0,-0.5,优惠券结算,退款扣除优惠券支付金额
180418-297832352640268,2018/4/20 9:55,0.5,0,优惠券结算,交易成功优惠券支付金额结算
180416-514548006402583,2018/4/19 22:58,0,-0.75,优惠券结算,退款扣除优惠券支付金额
180416-514548006402583,2018/4/19 22:58,0.75,0,优惠券结算,交易成功优惠券支付金额结算
180404-508985629462070,2018/4/19 22:57,0,-3,优惠券结算,退款补用户优惠券
180404-508985629462070,2018/4/19 22:57,3,0,优惠券结算,交易成功优惠券支付金额结算
180419-522948056961459,2018/4/19 22:56,0,-10,优惠券结算,退款补用户优惠券
180419-522948056961459,2018/4/19 22:56,10,0,优惠券结算,交易成功优惠券支付金额结算
180417-519971447683929,2018/4/19 22:30,0,-0.5,优惠券结算,退款扣除优惠券支付金额
180417-519971447683929,2018/4/19 22:30,0.5,0,优惠券结算,交易成功优惠券支付金额结算
180417-251644412800542,2018/4/19 21:20,0.5,0,优惠券结算,交易成功优惠券支付金额结算
180419-394533509773663,2018/4/19 17:39,0,-3,优惠券结算,退款补用户优惠券
180419-394533509773663,2018/4/19 17:39,3,0,优惠券结算,交易成功优惠券支付金额结算
180404-250750519043541,2018/4/19 15:48,3,0,优惠券结算,交易成功优惠券支付金额结算
180403-419258268803003,2018/4/19 15:48,5,0,优惠券结算,交易成功优惠券支付金额结算
180404-291500075522451,2018/4/19 15:48,1,0,优惠券结算,交易成功优惠券支付金额结算
180403-399458087041435,2018/4/19 15:48,3,0,优惠券结算,交易成功优惠券支付金额结算
180403-353007885441893,2018/4/19 15:48,3,0,优惠券结算,交易成功优惠券支付金额结算
180404-248388304001310,2018/4/19 15:48,10,0,优惠券结算,交易成功优惠券支付金额结算
180403-404073377922218,2018/4/19 15:48,3,0,优惠券结算,交易成功优惠券支付金额结算
180403-490349032970622,2018/4/19 15:48,5,0,优惠券结算,交易成功优惠券支付金额结算
180404-263816737283184,2018/4/19 15:48,10,0,优惠券结算,交易成功优惠券支付金额结算
180403-474151826560564,2018/4/19 15:47,10,0,优惠券结算,交易成功优惠券支付金额结算
180404-272502853762606,2018/4/19 15:47,0.5,0,优惠券结算,交易成功优惠券支付金额结算
180403-436567861761553,2018/4/19 15:47,10,0,优惠券结算,交易成功优惠券支付金额结算
180417-264457945602348,2018/4/19 12:38,0.72,0,优惠券结算,交易成功优惠券支付金额结算
180408-396818635523047,2018/4/19 9:05,0,-0.52,优惠券结算,退款补用户优惠券
180408-396818635523047,2018/4/19 9:05,0.52,0,优惠券结算,交易成功优惠券支付金额结算
180406-216855549442974,2018/4/18 21:14,10,0,优惠券结算,交易成功优惠券支付金额结算
180414-328246833283183,2018/4/18 19:28,10,0,优惠券结算,交易成功优惠券支付金额结算
180414-468132232962883,2018/4/18 19:27,0.69,0,优惠券结算,交易成功优惠券支付金额结算
180414-472730452482883,2018/4/18 19:26,0.63,0,优惠券结算,交易成功优惠券支付金额结算
180415-351280449281071,2018/4/18 17:51,10,0,优惠券结算,交易成功优惠券支付金额结算
180414-426479681281226,2018/4/18 15:37,10,0,优惠券结算,交易成功优惠券支付金额结算
180403-308348782722531,2018/4/18 15:33,0,-0.5,优惠券结算,退款扣除优惠券支付金额
180403-308348782722531,2018/4/18 15:33,0.5,0,优惠券结算,交易成功优惠券支付金额结算
180403-251926428802630,2018/4/18 15:22,3,0,优惠券结算,交易成功优惠券支付金额结算
180402-378469445120484,2018/4/18 15:22,10,0,优惠券结算,交易成功优惠券支付金额结算
180403-216852499201494,2018/4/18 15:22,10,0,优惠券结算,交易成功优惠券支付金额结算
180403-294449918722468,2018/4/18 15:22,10,0,优惠券结算,交易成功优惠券支付金额结算
180403-282095875842484,2018/4/18 15:22,5,0,优惠券结算,交易成功优惠券支付金额结算
180402-521796472960927,2018/4/18 15:22,0.76,0,优惠券结算,交易成功优惠券支付金额结算
180403-188581328003436,2018/4/18 15:22,1,0,优惠券结算,交易成功优惠券支付金额结算
180403-311452593920372,2018/4/18 15:22,10,0,优惠券结算,交易成功优惠券支付金额结算
180403-339400523523426,2018/4/18 15:22,3,0,优惠券结算,交易成功优惠券支付金额结算
180402-520895506561874,2018/4/18 15:22,0.7,0,优惠券结算,交易成功优惠券支付金额结算
180402-542865160962348,2018/4/18 15:22,0.6,0,优惠券结算,交易成功优惠券支付金额结算
180403-286398236802845,2018/4/18 15:22,3,0,优惠券结算,交易成功优惠券支付金额结算
180403-268253167361809,2018/4/18 15:22,3,0,优惠券结算,交易成功优惠券支付金额结算
180402-452297448963841,2018/4/18 15:21,0.5,0,优惠券结算,交易成功优惠券支付金额结算
180402-520176765440703,2018/4/18 15:21,0.5,0,优惠券结算,交易成功优惠券支付金额结算
180403-292593994243246,2018/4/18 15:21,0.68,0,优惠券结算,交易成功优惠券支付金额结算
180403-339639610883226,2018/4/18 15:21,0.7,0,优惠券结算,交易成功优惠券支付金额结算
180403-335469468161666,2018/4/18 15:21,3,0,优惠券结算,交易成功优惠券支付金额结算
180403-126437886723712,2018/4/18 15:21,0.76,0,优惠券结算,交易成功优惠券支付金额结算
180403-311231015042167,2018/4/18 15:21,3,0,优惠券结算,交易成功优惠券支付金额结算
180403-243656199680126,2018/4/18 15:21,10,0,优惠券结算,交易成功优惠券支付金额结算
180403-184873706243193,2018/4/18 15:21,3,0,优惠券结算,交易成功优惠券支付金额结算
180408-391601656320009,2018/4/18 14:09,2,0,优惠券结算,交易成功优惠券支付金额结算
180418-339516662400175,2018/4/18 13:33,0,-5.88,优惠券结算,退款扣除优惠券支付金额
180418-339516662400175,2018/4/18 13:33,5.88,0,优惠券结算,交易成功优惠券支付金额结算
180415-516684355204070,2018/4/18 13:00,3,0,优惠券结算,交易成功优惠券支付金额结算
180411-254458929280524,2018/4/18 9:10,10,0,优惠券结算,交易成功优惠券支付金额结算
180407-484646967052589,2018/4/18 8:51,0,-0.5,优惠券结算,退款扣除优惠券支付金额
180407-484646967052589,2018/4/18 8:51,0.5,0,优惠券结算,交易成功优惠券支付金额结算
180408-214289375360451,2018/4/18 8:50,0,-0.74,优惠券结算,退款扣除优惠券支付金额
180408-214289375360451,2018/4/18 8:50,0.74,0,优惠券结算,交易成功优惠券支付金额结算
180406-267858844160465,2018/4/18 8:47,0,-3,优惠券结算,退款补用户优惠券
180406-267858844160465,2018/4/18 8:47,3,0,优惠券结算,交易成功优惠券支付金额结算
180413-416213905921042,2018/4/17 22:53,10,0,优惠券结算,交易成功优惠券支付金额结算
180407-365451569283835,2018/4/17 16:45,3,0,优惠券结算,交易成功优惠券支付金额结算
180414-332242706560187,2018/4/17 16:28,0.72,0,优惠券结算,交易成功优惠券支付金额结算
180401-523144963840135,2018/4/17 16:10,10,0,优惠券结算,交易成功优惠券支付金额结算
180401-495101084801097,2018/4/17 16:10,10,0,优惠券结算,交易成功优惠券支付金额结算
180401-392614157441582,2018/4/17 16:10,10,0,优惠券结算,交易成功优惠券支付金额结算
180401-534643982083597,2018/4/17 16:10,5,0,优惠券结算,交易成功优惠券支付金额结算
180401-544219225603596,2018/4/17 16:10,0.72,0,优惠券结算,交易成功优惠券支付金额结算
180402-353357653760496,2018/4/17 16:10,0.73,0,优惠券结算,交易成功优惠券支付金额结算
180401-412100518403996,2018/4/17 16:10,0.5,0,优惠券结算,交易成功优惠券支付金额结算
180402-332178256642412,2018/4/17 16:10,5,0,优惠券结算,交易成功优惠券支付金额结算
180401-443752538241842,2018/4/17 16:10,10,0,优惠券结算,交易成功优惠券支付金额结算
180401-425168186881238,2018/4/17 16:10,0.77,0,优惠券结算,交易成功优惠券支付金额结算
180401-434359093763246,2018/4/17 16:10,3,0,优惠券结算,交易成功优惠券支付金额结算
180401-483017659523257,2018/4/17 16:10,10,0,优惠券结算,交易成功优惠券支付金额结算
180406-540060510722960,2018/4/17 13:03,0,-3,优惠券结算,退款补用户优惠券
180406-540060510722960,2018/4/17 13:03,3,0,优惠券结算,交易成功优惠券支付金额结算
180411-497212322563511,2018/4/16 20:19,10,0,优惠券结算,交易成功优惠券支付金额结算
180406-278243817603947,2018/4/16 16:23,0,-10,优惠券结算,退款补用户优惠券
180406-278243817603947,2018/4/16 16:23,10,0,优惠券结算,交易成功优惠券支付金额结算
180331-512015669760505,2018/4/16 16:13,0.5,0,优惠券结算,交易成功优惠券支付金额结算
180331-410894262403023,2018/4/16 16:13,10,0,优惠券结算,交易成功优惠券支付金额结算
180331-521635428483995,2018/4/16 16:13,0.31,0,优惠券结算,交易成功优惠券支付金额结算
180331-340007990401131,2018/4/16 16:12,3,0,优惠券结算,交易成功优惠券支付金额结算
180404-532414594560956,2018/4/16 11:23,0,-0.5,优惠券结算,退款扣除优惠券支付金额
180404-532414594560956,2018/4/16 11:23,0.5,0,优惠券结算,交易成功优惠券支付金额结算
180404-269589593601259,2018/4/16 11:23,3,0,优惠券结算,交易成功优惠券支付金额结算
180407-495459705602935,2018/4/16 6:39,0,-3,优惠券结算,退款补用户优惠券
180407-495459705602935,2018/4/16 6:39,3,0,优惠券结算,交易成功优惠券支付金额结算
180404-512024088320022,2018/4/16 2:13,0,-3,优惠券结算,退款补用户优惠券
180404-512024088320022,2018/4/16 2:13,3,0,优惠券结算,交易成功优惠券支付金额结算
